,compound,concentration,replicate,TimePoint,siRNA,StateVar,data4modelReal
1,DMSO,0.2,R1,0,NRF2,Apop_cells,NA
2,DMSO,0.2,R1,0,NRF2,Live_cells,NA
3,DMSO,0.2,R1,0,NRF2,Total_cells,1
4,DMSO,0.2,R1,1,NRF2,Apop_cells,0.105480434
5,DMSO,0.2,R1,1,NRF2,Live_cells,0.894519566
6,DMSO,0.2,R1,1,NRF2,Total_cells,1
7,DMSO,0.2,R1,2,NRF2,Apop_cells,0.111566168
8,DMSO,0.2,R1,2,NRF2,Live_cells,0.863448029
9,DMSO,0.2,R1,2,NRF2,Total_cells,0.975014196
10,DMSO,0.2,R1,3,NRF2,Apop_cells,0.114918106
11,DMSO,0.2,R1,3,NRF2,Live_cells,0.869181837
12,DMSO,0.2,R1,3,NRF2,Total_cells,0.984099943
13,DMSO,0.2,R1,4,NRF2,Apop_cells,0.128404403
14,DMSO,0.2,R1,4,NRF2,Live_cells,0.852856245
15,DMSO,0.2,R1,4,NRF2,Total_cells,0.981260647
16,DMSO,0.2,R1,5,NRF2,Apop_cells,0.137896301
17,DMSO,0.2,R1,5,NRF2,Live_cells,0.851314375
18,DMSO,0.2,R1,5,NRF2,Total_cells,0.989210676
19,DMSO,0.2,R1,6,NRF2,Apop_cells,0.156224435
20,DMSO,0.2,R1,6,NRF2,Live_cells,0.861947059
21,DMSO,0.2,R1,6,NRF2,Total_cells,1.018171493
22,DMSO,0.2,R1,7,NRF2,Apop_cells,0.174486145
23,DMSO,0.2,R1,7,NRF2,Live_cells,0.872078307
24,DMSO,0.2,R1,7,NRF2,Total_cells,1.046564452
25,DMSO,0.2,R1,8,NRF2,Apop_cells,0.185480002
26,DMSO,0.2,R1,8,NRF2,Live_cells,0.886638112
27,DMSO,0.2,R1,8,NRF2,Total_cells,1.072118115
28,DMSO,0.2,R1,9,NRF2,Apop_cells,0.21706752
29,DMSO,0.2,R1,9,NRF2,Live_cells,0.898775751
30,DMSO,0.2,R1,9,NRF2,Total_cells,1.115843271
31,DMSO,0.2,R1,10,NRF2,Apop_cells,0.223663904
32,DMSO,0.2,R1,10,NRF2,Live_cells,0.912622297
33,DMSO,0.2,R1,10,NRF2,Total_cells,1.136286201
34,DMSO,0.2,R1,11,NRF2,Apop_cells,0.245184357
35,DMSO,0.2,R1,11,NRF2,Live_cells,0.922901957
36,DMSO,0.2,R1,11,NRF2,Total_cells,1.168086315
37,DMSO,0.2,R1,12,NRF2,Apop_cells,0.251806353
38,DMSO,0.2,R1,12,NRF2,Live_cells,0.956597963
39,DMSO,0.2,R1,12,NRF2,Total_cells,1.208404316
40,DMSO,0.2,R1,13,NRF2,Apop_cells,0.272293006
41,DMSO,0.2,R1,13,NRF2,Live_cells,0.982107902
42,DMSO,0.2,R1,13,NRF2,Total_cells,1.254400909
43,DMSO,0.2,R1,14,NRF2,Apop_cells,0.294453378
44,DMSO,0.2,R1,14,NRF2,Live_cells,0.989476207
45,DMSO,0.2,R1,14,NRF2,Total_cells,1.283929585
46,DMSO,0.2,R1,15,NRF2,Apop_cells,0.297970475
47,DMSO,0.2,R1,15,NRF2,Live_cells,1.001291308
48,DMSO,0.2,R1,15,NRF2,Total_cells,1.299261783
49,DMSO,0.2,R1,16,NRF2,Apop_cells,0.324738535
50,DMSO,0.2,R1,16,NRF2,Live_cells,1.0210877
51,DMSO,0.2,R1,16,NRF2,Total_cells,1.345826235
52,DMSO,0.2,R1,17,NRF2,Apop_cells,0.334898214
53,DMSO,0.2,R1,17,NRF2,Live_cells,1.046703149
54,DMSO,0.2,R1,17,NRF2,Total_cells,1.381601363
55,DMSO,0.2,R1,18,NRF2,Apop_cells,0.366320643
56,DMSO,0.2,R1,18,NRF2,Live_cells,1.073202355
57,DMSO,0.2,R1,18,NRF2,Total_cells,1.439522998
58,DMSO,0.2,R1,19,NRF2,Apop_cells,0.382502108
59,DMSO,0.2,R1,19,NRF2,Live_cells,1.097906751
60,DMSO,0.2,R1,19,NRF2,Total_cells,1.480408859
61,DMSO,0.2,R1,20,NRF2,Apop_cells,0.392593496
62,DMSO,0.2,R1,20,NRF2,Live_cells,1.113369026
63,DMSO,0.2,R1,20,NRF2,Total_cells,1.505962521
64,DMSO,0.2,R2,0,NRF2,Apop_cells,NA
65,DMSO,0.2,R2,0,NRF2,Live_cells,NA
66,DMSO,0.2,R2,0,NRF2,Total_cells,1
67,DMSO,0.2,R2,1,NRF2,Apop_cells,0.108225643
68,DMSO,0.2,R2,1,NRF2,Live_cells,0.891774357
69,DMSO,0.2,R2,1,NRF2,Total_cells,1
70,DMSO,0.2,R2,2,NRF2,Apop_cells,0.108620284
71,DMSO,0.2,R2,2,NRF2,Live_cells,0.87849035
72,DMSO,0.2,R2,2,NRF2,Total_cells,0.987110634
73,DMSO,0.2,R2,3,NRF2,Apop_cells,0.110553103
74,DMSO,0.2,R2,3,NRF2,Live_cells,0.864205221
75,DMSO,0.2,R2,3,NRF2,Total_cells,0.974758324
76,DMSO,0.2,R2,4,NRF2,Apop_cells,0.1148358
77,DMSO,0.2,R2,4,NRF2,Live_cells,0.860459581
78,DMSO,0.2,R2,4,NRF2,Total_cells,0.975295381
79,DMSO,0.2,R2,5,NRF2,Apop_cells,0.130871103
80,DMSO,0.2,R2,5,NRF2,Live_cells,0.856239531
81,DMSO,0.2,R2,5,NRF2,Total_cells,0.987110634
82,DMSO,0.2,R2,6,NRF2,Apop_cells,0.154031448
83,DMSO,0.2,R2,6,NRF2,Live_cells,0.861543203
84,DMSO,0.2,R2,6,NRF2,Total_cells,1.015574651
85,DMSO,0.2,R2,7,NRF2,Apop_cells,0.159695283
86,DMSO,0.2,R2,7,NRF2,Live_cells,0.864472279
87,DMSO,0.2,R2,7,NRF2,Total_cells,1.024167562
88,DMSO,0.2,R2,8,NRF2,Apop_cells,0.175351308
89,DMSO,0.2,R2,8,NRF2,Live_cells,0.881576726
90,DMSO,0.2,R2,8,NRF2,Total_cells,1.056928034
91,DMSO,0.2,R2,9,NRF2,Apop_cells,0.190438051
92,DMSO,0.2,R2,9,NRF2,Live_cells,0.889583431
93,DMSO,0.2,R2,9,NRF2,Total_cells,1.080021482
94,DMSO,0.2,R2,10,NRF2,Apop_cells,0.213386628
95,DMSO,0.2,R2,10,NRF2,Live_cells,0.909062352
96,DMSO,0.2,R2,10,NRF2,Total_cells,1.12244898
97,DMSO,0.2,R2,11,NRF2,Apop_cells,0.234934665
98,DMSO,0.2,R2,11,NRF2,Live_cells,0.92671947
99,DMSO,0.2,R2,11,NRF2,Total_cells,1.161654135
100,DMSO,0.2,R2,12,NRF2,Apop_cells,0.256857158
101,DMSO,0.2,R2,12,NRF2,Live_cells,0.932723937
102,DMSO,0.2,R2,12,NRF2,Total_cells,1.189581096
103,DMSO,0.2,R2,13,NRF2,Apop_cells,0.272773958
104,DMSO,0.2,R2,13,NRF2,Live_cells,0.931844731
105,DMSO,0.2,R2,13,NRF2,Total_cells,1.20461869
106,DMSO,0.2,R2,14,NRF2,Apop_cells,0.286799226
107,DMSO,0.2,R2,14,NRF2,Live_cells,0.945746424
108,DMSO,0.2,R2,14,NRF2,Total_cells,1.23254565
109,DMSO,0.2,R2,15,NRF2,Apop_cells,0.293412593
110,DMSO,0.2,R2,15,NRF2,Live_cells,0.993912864
111,DMSO,0.2,R2,15,NRF2,Total_cells,1.287325456
112,DMSO,0.2,R2,16,NRF2,Apop_cells,0.308612862
113,DMSO,0.2,R2,16,NRF2,Live_cells,0.977638481
114,DMSO,0.2,R2,16,NRF2,Total_cells,1.286251343
115,DMSO,0.2,R2,17,NRF2,Apop_cells,0.319495589
116,DMSO,0.2,R2,17,NRF2,Live_cells,1.015090877
117,DMSO,0.2,R2,17,NRF2,Total_cells,1.334586466
118,DMSO,0.2,R2,18,NRF2,Apop_cells,0.340723927
119,DMSO,0.2,R2,18,NRF2,Live_cells,1.045420004
120,DMSO,0.2,R2,18,NRF2,Total_cells,1.386143931
121,DMSO,0.2,R2,19,NRF2,Apop_cells,0.358759594
122,DMSO,0.2,R2,19,NRF2,Live_cells,1.057459525
123,DMSO,0.2,R2,19,NRF2,Total_cells,1.416219119
124,DMSO,0.2,R2,20,NRF2,Apop_cells,0.382959688
125,DMSO,0.2,R2,20,NRF2,Live_cells,1.071390473
126,DMSO,0.2,R2,20,NRF2,Total_cells,1.454350161
127,DMSO,0.2,R3,0,NRF2,Apop_cells,NA
128,DMSO,0.2,R3,0,NRF2,Live_cells,NA
129,DMSO,0.2,R3,0,NRF2,Total_cells,1
130,DMSO,0.2,R3,1,NRF2,Apop_cells,0.12145151
131,DMSO,0.2,R3,1,NRF2,Live_cells,0.87854849
132,DMSO,0.2,R3,1,NRF2,Total_cells,1
133,DMSO,0.2,R3,2,NRF2,Apop_cells,0.125298382
134,DMSO,0.2,R3,2,NRF2,Live_cells,0.884553835
135,DMSO,0.2,R3,2,NRF2,Total_cells,1.009852217
136,DMSO,0.2,R3,3,NRF2,Apop_cells,0.131471678
137,DMSO,0.2,R3,3,NRF2,Live_cells,0.88527709
138,DMSO,0.2,R3,3,NRF2,Total_cells,1.016748768
139,DMSO,0.2,R3,4,NRF2,Apop_cells,0.128676683
140,DMSO,0.2,R3,4,NRF2,Live_cells,0.865411987
141,DMSO,0.2,R3,4,NRF2,Total_cells,0.99408867
142,DMSO,0.2,R3,5,NRF2,Apop_cells,0.137955029
143,DMSO,0.2,R3,5,NRF2,Live_cells,0.877315907
144,DMSO,0.2,R3,5,NRF2,Total_cells,1.015270936
145,DMSO,0.2,R3,6,NRF2,Apop_cells,0.159939353
146,DMSO,0.2,R3,6,NRF2,Live_cells,0.86567641
147,DMSO,0.2,R3,6,NRF2,Total_cells,1.025615764
148,DMSO,0.2,R3,7,NRF2,Apop_cells,0.174712212
149,DMSO,0.2,R3,7,NRF2,Live_cells,0.883415867
150,DMSO,0.2,R3,7,NRF2,Total_cells,1.058128079
151,DMSO,0.2,R3,8,NRF2,Apop_cells,0.185248653
152,DMSO,0.2,R3,8,NRF2,Live_cells,0.887657751
153,DMSO,0.2,R3,8,NRF2,Total_cells,1.072906404
154,DMSO,0.2,R3,9,NRF2,Apop_cells,0.205865911
155,DMSO,0.2,R3,9,NRF2,Live_cells,0.908419804
156,DMSO,0.2,R3,9,NRF2,Total_cells,1.114285714
157,DMSO,0.2,R3,10,NRF2,Apop_cells,0.227584598
158,DMSO,0.2,R3,10,NRF2,Live_cells,0.941380919
159,DMSO,0.2,R3,10,NRF2,Total_cells,1.168965517
160,DMSO,0.2,R3,11,NRF2,Apop_cells,0.241932576
161,DMSO,0.2,R3,11,NRF2,Live_cells,0.929495995
162,DMSO,0.2,R3,11,NRF2,Total_cells,1.171428571
163,DMSO,0.2,R3,12,NRF2,Apop_cells,0.260376016
164,DMSO,0.2,R3,12,NRF2,Live_cells,0.967210191
165,DMSO,0.2,R3,12,NRF2,Total_cells,1.227586207
166,DMSO,0.2,R3,13,NRF2,Apop_cells,0.279680502
167,DMSO,0.2,R3,13,NRF2,Live_cells,0.954309646
168,DMSO,0.2,R3,13,NRF2,Total_cells,1.233990148
169,DMSO,0.2,R3,14,NRF2,Apop_cells,0.296322914
170,DMSO,0.2,R3,14,NRF2,Live_cells,0.979046544
171,DMSO,0.2,R3,14,NRF2,Total_cells,1.275369458
172,DMSO,0.2,R3,15,NRF2,Apop_cells,0.313199678
173,DMSO,0.2,R3,15,NRF2,Live_cells,1.000100815
174,DMSO,0.2,R3,15,NRF2,Total_cells,1.313300493
175,DMSO,0.2,R3,16,NRF2,Apop_cells,0.321994567
176,DMSO,0.2,R3,16,NRF2,Live_cells,1.014458635
177,DMSO,0.2,R3,16,NRF2,Total_cells,1.336453202
178,DMSO,0.2,R3,17,NRF2,Apop_cells,0.347816814
179,DMSO,0.2,R3,17,NRF2,Live_cells,1.017207816
180,DMSO,0.2,R3,17,NRF2,Total_cells,1.365024631
181,DMSO,0.2,R3,18,NRF2,Apop_cells,0.348523811
182,DMSO,0.2,R3,18,NRF2,Live_cells,1.053446632
183,DMSO,0.2,R3,18,NRF2,Total_cells,1.401970443
184,DMSO,0.2,R3,19,NRF2,Apop_cells,0.370025513
185,DMSO,0.2,R3,19,NRF2,Live_cells,1.068890743
186,DMSO,0.2,R3,19,NRF2,Total_cells,1.438916256
187,DMSO,0.2,R3,20,NRF2,Apop_cells,0.38239919
188,DMSO,0.2,R3,20,NRF2,Live_cells,1.083610663
189,DMSO,0.2,R3,20,NRF2,Total_cells,1.466009852
190,DMSO,0.2,R4,0,NRF2,Apop_cells,NA
191,DMSO,0.2,R4,0,NRF2,Live_cells,NA
192,DMSO,0.2,R4,0,NRF2,Total_cells,1
193,DMSO,0.2,R4,1,NRF2,Apop_cells,0.121298055
194,DMSO,0.2,R4,1,NRF2,Live_cells,0.878701945
195,DMSO,0.2,R4,1,NRF2,Total_cells,1
196,DMSO,0.2,R4,2,NRF2,Apop_cells,0.125401706
197,DMSO,0.2,R4,2,NRF2,Live_cells,0.882033238
198,DMSO,0.2,R4,2,NRF2,Total_cells,1.007434944
199,DMSO,0.2,R4,3,NRF2,Apop_cells,0.129412473
200,DMSO,0.2,R4,3,NRF2,Live_cells,0.885457416
201,DMSO,0.2,R4,3,NRF2,Total_cells,1.014869888
202,DMSO,0.2,R4,4,NRF2,Apop_cells,0.141856946
203,DMSO,0.2,R4,4,NRF2,Live_cells,0.865577998
204,DMSO,0.2,R4,4,NRF2,Total_cells,1.007434944
205,DMSO,0.2,R4,5,NRF2,Apop_cells,0.160866657
206,DMSO,0.2,R4,5,NRF2,Live_cells,0.851347894
207,DMSO,0.2,R4,5,NRF2,Total_cells,1.012214551
208,DMSO,0.2,R4,6,NRF2,Apop_cells,0.172086667
209,DMSO,0.2,R4,6,NRF2,Live_cells,0.850218166
210,DMSO,0.2,R4,6,NRF2,Total_cells,1.022304833
211,DMSO,0.2,R4,7,NRF2,Apop_cells,0.199987663
212,DMSO,0.2,R4,7,NRF2,Live_cells,0.872768577
213,DMSO,0.2,R4,7,NRF2,Total_cells,1.07275624
214,DMSO,0.2,R4,8,NRF2,Apop_cells,0.219160754
215,DMSO,0.2,R4,8,NRF2,Live_cells,0.906171163
216,DMSO,0.2,R4,8,NRF2,Total_cells,1.125331917
217,DMSO,0.2,R4,9,NRF2,Apop_cells,0.24104319
218,DMSO,0.2,R4,9,NRF2,Live_cells,0.90659356
219,DMSO,0.2,R4,9,NRF2,Total_cells,1.14763675
220,DMSO,0.2,R4,10,NRF2,Apop_cells,0.264540896
221,DMSO,0.2,R4,10,NRF2,Live_cells,0.910711361
222,DMSO,0.2,R4,10,NRF2,Total_cells,1.175252257
223,DMSO,0.2,R4,11,NRF2,Apop_cells,0.280786016
224,DMSO,0.2,R4,11,NRF2,Live_cells,0.925268153
225,DMSO,0.2,R4,11,NRF2,Total_cells,1.206054169
226,DMSO,0.2,R4,12,NRF2,Apop_cells,0.288569105
227,DMSO,0.2,R4,12,NRF2,Live_cells,0.937665627
228,DMSO,0.2,R4,12,NRF2,Total_cells,1.226234732
229,DMSO,0.2,R4,13,NRF2,Apop_cells,0.309204796
230,DMSO,0.2,R4,13,NRF2,Live_cells,0.965357073
231,DMSO,0.2,R4,13,NRF2,Total_cells,1.274561869
232,DMSO,0.2,R4,14,NRF2,Apop_cells,0.327533634
233,DMSO,0.2,R4,14,NRF2,Live_cells,0.982609754
234,DMSO,0.2,R4,14,NRF2,Total_cells,1.310143388
235,DMSO,0.2,R4,15,NRF2,Apop_cells,0.337009496
236,DMSO,0.2,R4,15,NRF2,Live_cells,1.009246479
237,DMSO,0.2,R4,15,NRF2,Total_cells,1.346255975
238,DMSO,0.2,R4,16,NRF2,Apop_cells,0.354078002
239,DMSO,0.2,R4,16,NRF2,Live_cells,1.024573087
240,DMSO,0.2,R4,16,NRF2,Total_cells,1.378651089
241,DMSO,0.2,R4,17,NRF2,Apop_cells,0.372612025
242,DMSO,0.2,R4,17,NRF2,Live_cells,1.057021538
243,DMSO,0.2,R4,17,NRF2,Total_cells,1.429633563
244,DMSO,0.2,R4,18,NRF2,Apop_cells,0.384757798
245,DMSO,0.2,R4,18,NRF2,Live_cells,1.087892229
246,DMSO,0.2,R4,18,NRF2,Total_cells,1.472650027
247,DMSO,0.2,R4,19,NRF2,Apop_cells,0.409404211
248,DMSO,0.2,R4,19,NRF2,Live_cells,1.096171997
249,DMSO,0.2,R4,19,NRF2,Total_cells,1.505576208
250,DMSO,0.2,R4,20,NRF2,Apop_cells,0.431644031
251,DMSO,0.2,R4,20,NRF2,Live_cells,1.114293303
252,DMSO,0.2,R4,20,NRF2,Total_cells,1.545937334
253,NIT,7.5,R1,0,NRF2,Apop_cells,NA
254,NIT,7.5,R1,0,NRF2,Live_cells,NA
255,NIT,7.5,R1,0,NRF2,Total_cells,1
256,NIT,7.5,R1,1,NRF2,Apop_cells,0.118905094
257,NIT,7.5,R1,1,NRF2,Live_cells,0.881094906
258,NIT,7.5,R1,1,NRF2,Total_cells,1
259,NIT,7.5,R1,2,NRF2,Apop_cells,0.11618908
260,NIT,7.5,R1,2,NRF2,Live_cells,0.88296058
261,NIT,7.5,R1,2,NRF2,Total_cells,0.99914966
262,NIT,7.5,R1,3,NRF2,Apop_cells,0.121318853
263,NIT,7.5,R1,3,NRF2,Live_cells,0.876130127
264,NIT,7.5,R1,3,NRF2,Total_cells,0.99744898
265,NIT,7.5,R1,4,NRF2,Apop_cells,0.134335352
266,NIT,7.5,R1,4,NRF2,Live_cells,0.862263288
267,NIT,7.5,R1,4,NRF2,Total_cells,0.996598639
268,NIT,7.5,R1,5,NRF2,Apop_cells,0.144811859
269,NIT,7.5,R1,5,NRF2,Live_cells,0.843283379
270,NIT,7.5,R1,5,NRF2,Total_cells,0.988095238
271,NIT,7.5,R1,6,NRF2,Apop_cells,0.172874681
272,NIT,7.5,R1,6,NRF2,Live_cells,0.843281782
273,NIT,7.5,R1,6,NRF2,Total_cells,1.016156463
274,NIT,7.5,R1,7,NRF2,Apop_cells,0.174906643
275,NIT,7.5,R1,7,NRF2,Live_cells,0.880365466
276,NIT,7.5,R1,7,NRF2,Total_cells,1.055272109
277,NIT,7.5,R1,8,NRF2,Apop_cells,0.191932511
278,NIT,7.5,R1,8,NRF2,Live_cells,0.884598101
279,NIT,7.5,R1,8,NRF2,Total_cells,1.076530612
280,NIT,7.5,R1,9,NRF2,Apop_cells,0.19165715
281,NIT,7.5,R1,9,NRF2,Live_cells,0.895077544
282,NIT,7.5,R1,9,NRF2,Total_cells,1.086734694
283,NIT,7.5,R1,10,NRF2,Apop_cells,0.233222066
284,NIT,7.5,R1,10,NRF2,Live_cells,0.889226914
285,NIT,7.5,R1,10,NRF2,Total_cells,1.12244898
286,NIT,7.5,R1,11,NRF2,Apop_cells,0.248410213
287,NIT,7.5,R1,11,NRF2,Live_cells,0.915705433
288,NIT,7.5,R1,11,NRF2,Total_cells,1.164115646
289,NIT,7.5,R1,12,NRF2,Apop_cells,0.251810815
290,NIT,7.5,R1,12,NRF2,Live_cells,0.930161974
291,NIT,7.5,R1,12,NRF2,Total_cells,1.181972789
292,NIT,7.5,R1,13,NRF2,Apop_cells,0.298718927
293,NIT,7.5,R1,13,NRF2,Live_cells,0.93172325
294,NIT,7.5,R1,13,NRF2,Total_cells,1.230442177
295,NIT,7.5,R1,14,NRF2,Apop_cells,0.300806362
296,NIT,7.5,R1,14,NRF2,Live_cells,0.926234454
297,NIT,7.5,R1,14,NRF2,Total_cells,1.227040816
298,NIT,7.5,R1,15,NRF2,Apop_cells,0.312908971
299,NIT,7.5,R1,15,NRF2,Live_cells,0.933689669
300,NIT,7.5,R1,15,NRF2,Total_cells,1.246598639
301,NIT,7.5,R1,16,NRF2,Apop_cells,0.333400529
302,NIT,7.5,R1,16,NRF2,Live_cells,0.948912396
303,NIT,7.5,R1,16,NRF2,Total_cells,1.282312925
304,NIT,7.5,R1,17,NRF2,Apop_cells,0.368260936
305,NIT,7.5,R1,17,NRF2,Live_cells,0.925106411
306,NIT,7.5,R1,17,NRF2,Total_cells,1.293367347
307,NIT,7.5,R1,18,NRF2,Apop_cells,0.377002433
308,NIT,7.5,R1,18,NRF2,Live_cells,0.924868315
309,NIT,7.5,R1,18,NRF2,Total_cells,1.301870748
310,NIT,7.5,R1,19,NRF2,Apop_cells,0.414772944
311,NIT,7.5,R1,19,NRF2,Live_cells,0.910056988
312,NIT,7.5,R1,19,NRF2,Total_cells,1.324829932
313,NIT,7.5,R1,20,NRF2,Apop_cells,0.457805673
314,NIT,7.5,R1,20,NRF2,Live_cells,0.917194327
315,NIT,7.5,R1,20,NRF2,Total_cells,1.375
316,NIT,7.5,R2,0,NRF2,Apop_cells,NA
317,NIT,7.5,R2,0,NRF2,Live_cells,NA
318,NIT,7.5,R2,0,NRF2,Total_cells,1
319,NIT,7.5,R2,1,NRF2,Apop_cells,0.138478744
320,NIT,7.5,R2,1,NRF2,Live_cells,0.861521256
321,NIT,7.5,R2,1,NRF2,Total_cells,1
322,NIT,7.5,R2,2,NRF2,Apop_cells,0.146391609
323,NIT,7.5,R2,2,NRF2,Live_cells,0.837514755
324,NIT,7.5,R2,2,NRF2,Total_cells,0.983906364
325,NIT,7.5,R2,3,NRF2,Apop_cells,0.140288147
326,NIT,7.5,R2,3,NRF2,Live_cells,0.860443382
327,NIT,7.5,R2,3,NRF2,Total_cells,1.000731529
328,NIT,7.5,R2,4,NRF2,Apop_cells,0.139155734
329,NIT,7.5,R2,4,NRF2,Live_cells,0.857918151
330,NIT,7.5,R2,4,NRF2,Total_cells,0.997073884
331,NIT,7.5,R2,5,NRF2,Apop_cells,0.164804928
332,NIT,7.5,R2,5,NRF2,Live_cells,0.842510361
333,NIT,7.5,R2,5,NRF2,Total_cells,1.007315289
334,NIT,7.5,R2,6,NRF2,Apop_cells,0.1868929
335,NIT,7.5,R2,6,NRF2,Live_cells,0.843831313
336,NIT,7.5,R2,6,NRF2,Total_cells,1.030724214
337,NIT,7.5,R2,7,NRF2,Apop_cells,0.199308169
338,NIT,7.5,R2,7,NRF2,Live_cells,0.8606772
339,NIT,7.5,R2,7,NRF2,Total_cells,1.059985369
340,NIT,7.5,R2,8,NRF2,Apop_cells,0.240467429
341,NIT,7.5,R2,8,NRF2,Live_cells,0.852436741
342,NIT,7.5,R2,8,NRF2,Total_cells,1.09290417
343,NIT,7.5,R2,9,NRF2,Apop_cells,0.258156076
344,NIT,7.5,R2,9,NRF2,Live_cells,0.881565943
345,NIT,7.5,R2,9,NRF2,Total_cells,1.139722019
346,NIT,7.5,R2,10,NRF2,Apop_cells,0.257527223
347,NIT,7.5,R2,10,NRF2,Live_cells,0.913650539
348,NIT,7.5,R2,10,NRF2,Total_cells,1.171177762
349,NIT,7.5,R2,11,NRF2,Apop_cells,0.294879683
350,NIT,7.5,R2,11,NRF2,Live_cells,0.912874524
351,NIT,7.5,R2,11,NRF2,Total_cells,1.207754206
352,NIT,7.5,R2,12,NRF2,Apop_cells,0.321443065
353,NIT,7.5,R2,12,NRF2,Live_cells,0.907525479
354,NIT,7.5,R2,12,NRF2,Total_cells,1.228968544
355,NIT,7.5,R2,13,NRF2,Apop_cells,0.320147191
356,NIT,7.5,R2,13,NRF2,Live_cells,0.916136642
357,NIT,7.5,R2,13,NRF2,Total_cells,1.236283833
358,NIT,7.5,R2,14,NRF2,Apop_cells,0.345153103
359,NIT,7.5,R2,14,NRF2,Live_cells,0.93794858
360,NIT,7.5,R2,14,NRF2,Total_cells,1.283101683
361,NIT,7.5,R2,15,NRF2,Apop_cells,0.360092745
362,NIT,7.5,R2,15,NRF2,Live_cells,0.933250342
363,NIT,7.5,R2,15,NRF2,Total_cells,1.293343087
364,NIT,7.5,R2,16,NRF2,Apop_cells,0.40934443
365,NIT,7.5,R2,16,NRF2,Live_cells,0.916917457
366,NIT,7.5,R2,16,NRF2,Total_cells,1.326261887
367,NIT,7.5,R2,17,NRF2,Apop_cells,0.43007086
368,NIT,7.5,R2,17,NRF2,Live_cells,0.899848672
369,NIT,7.5,R2,17,NRF2,Total_cells,1.329919532
370,NIT,7.5,R2,18,NRF2,Apop_cells,0.415025516
371,NIT,7.5,R2,18,NRF2,Live_cells,0.952933519
372,NIT,7.5,R2,18,NRF2,Total_cells,1.367959034
373,NIT,7.5,R2,19,NRF2,Apop_cells,0.468608093
374,NIT,7.5,R2,19,NRF2,Live_cells,0.930075155
375,NIT,7.5,R2,19,NRF2,Total_cells,1.398683248
376,NIT,7.5,R2,20,NRF2,Apop_cells,0.485391582
377,NIT,7.5,R2,20,NRF2,Live_cells,0.9242646
378,NIT,7.5,R2,20,NRF2,Total_cells,1.409656181
379,NIT,7.5,R3,0,NRF2,Apop_cells,NA
380,NIT,7.5,R3,0,NRF2,Live_cells,NA
381,NIT,7.5,R3,0,NRF2,Total_cells,1
382,NIT,7.5,R3,1,NRF2,Apop_cells,0.201456509
383,NIT,7.5,R3,1,NRF2,Live_cells,0.798543492
384,NIT,7.5,R3,1,NRF2,Total_cells,1
385,NIT,7.5,R3,2,NRF2,Apop_cells,0.173759247
386,NIT,7.5,R3,2,NRF2,Live_cells,0.842919001
387,NIT,7.5,R3,2,NRF2,Total_cells,1.016678249
388,NIT,7.5,R3,3,NRF2,Apop_cells,0.192756203
389,NIT,7.5,R3,3,NRF2,Live_cells,0.807938724
390,NIT,7.5,R3,3,NRF2,Total_cells,1.000694927
391,NIT,7.5,R3,4,NRF2,Apop_cells,0.193996953
392,NIT,7.5,R3,4,NRF2,Live_cells,0.815037099
393,NIT,7.5,R3,4,NRF2,Total_cells,1.009034051
394,NIT,7.5,R3,5,NRF2,Apop_cells,0.216652535
395,NIT,7.5,R3,5,NRF2,Live_cells,0.778482976
396,NIT,7.5,R3,5,NRF2,Total_cells,0.995135511
397,NIT,7.5,R3,6,NRF2,Apop_cells,0.240025332
398,NIT,7.5,R3,6,NRF2,Live_cells,0.761364522
399,NIT,7.5,R3,6,NRF2,Total_cells,1.001389854
400,NIT,7.5,R3,7,NRF2,Apop_cells,0.249842104
401,NIT,7.5,R3,7,NRF2,Live_cells,0.759191947
402,NIT,7.5,R3,7,NRF2,Total_cells,1.009034051
403,NIT,7.5,R3,8,NRF2,Apop_cells,0.249597141
404,NIT,7.5,R3,8,NRF2,Live_cells,0.774725305
405,NIT,7.5,R3,8,NRF2,Total_cells,1.024322446
406,NIT,7.5,R3,9,NRF2,Apop_cells,0.275543896
407,NIT,7.5,R3,9,NRF2,Live_cells,0.790474172
408,NIT,7.5,R3,9,NRF2,Total_cells,1.066018068
409,NIT,7.5,R3,10,NRF2,Apop_cells,0.303676892
410,NIT,7.5,R3,10,NRF2,Live_cells,0.785273769
411,NIT,7.5,R3,10,NRF2,Total_cells,1.08895066
412,NIT,7.5,R3,11,NRF2,Apop_cells,0.32557848
413,NIT,7.5,R3,11,NRF2,Live_cells,0.782830137
414,NIT,7.5,R3,11,NRF2,Total_cells,1.108408617
415,NIT,7.5,R3,12,NRF2,Apop_cells,0.338698501
416,NIT,7.5,R3,12,NRF2,Live_cells,0.781523875
417,NIT,7.5,R3,12,NRF2,Total_cells,1.120222377
418,NIT,7.5,R3,13,NRF2,Apop_cells,0.373130551
419,NIT,7.5,R3,13,NRF2,Live_cells,0.779058469
420,NIT,7.5,R3,13,NRF2,Total_cells,1.15218902
421,NIT,7.5,R3,14,NRF2,Apop_cells,0.398913359
422,NIT,7.5,R3,14,NRF2,Live_cells,0.785242305
423,NIT,7.5,R3,14,NRF2,Total_cells,1.184155664
424,NIT,7.5,R3,15,NRF2,Apop_cells,0.433083189
425,NIT,7.5,R3,15,NRF2,Live_cells,0.772615213
426,NIT,7.5,R3,15,NRF2,Total_cells,1.205698402
427,NIT,7.5,R3,16,NRF2,Apop_cells,0.434372935
428,NIT,7.5,R3,16,NRF2,Live_cells,0.792173278
429,NIT,7.5,R3,16,NRF2,Total_cells,1.226546213
430,NIT,7.5,R3,17,NRF2,Apop_cells,0.445206939
431,NIT,7.5,R3,17,NRF2,Live_cells,0.806356646
432,NIT,7.5,R3,17,NRF2,Total_cells,1.251563586
433,NIT,7.5,R3,18,NRF2,Apop_cells,0.482191654
434,NIT,7.5,R3,18,NRF2,Live_cells,0.778405984
435,NIT,7.5,R3,18,NRF2,Total_cells,1.260597637
436,NIT,7.5,R3,19,NRF2,Apop_cells,0.49397605
437,NIT,7.5,R3,19,NRF2,Live_cells,0.773570857
438,NIT,7.5,R3,19,NRF2,Total_cells,1.267546908
439,NIT,7.5,R3,20,NRF2,Apop_cells,0.517945753
440,NIT,7.5,R3,20,NRF2,Live_cells,0.787127215
441,NIT,7.5,R3,20,NRF2,Total_cells,1.305072967
442,NIT,7.5,R4,0,NRF2,Apop_cells,NA
443,NIT,7.5,R4,0,NRF2,Live_cells,NA
444,NIT,7.5,R4,0,NRF2,Total_cells,1
445,NIT,7.5,R4,1,NRF2,Apop_cells,0.185550955
446,NIT,7.5,R4,1,NRF2,Live_cells,0.814449045
447,NIT,7.5,R4,1,NRF2,Total_cells,1
448,NIT,7.5,R4,2,NRF2,Apop_cells,0.180733343
449,NIT,7.5,R4,2,NRF2,Live_cells,0.82513914
450,NIT,7.5,R4,2,NRF2,Total_cells,1.005872483
451,NIT,7.5,R4,3,NRF2,Apop_cells,0.189045278
452,NIT,7.5,R4,3,NRF2,Live_cells,0.836961433
453,NIT,7.5,R4,3,NRF2,Total_cells,1.026006711
454,NIT,7.5,R4,4,NRF2,Apop_cells,0.207132454
455,NIT,7.5,R4,4,NRF2,Live_cells,0.77441117
456,NIT,7.5,R4,4,NRF2,Total_cells,0.981543624
457,NIT,7.5,R4,5,NRF2,Apop_cells,0.20958984
458,NIT,7.5,R4,5,NRF2,Live_cells,0.79712157
459,NIT,7.5,R4,5,NRF2,Total_cells,1.006711409
460,NIT,7.5,R4,6,NRF2,Apop_cells,0.24929395
461,NIT,7.5,R4,6,NRF2,Live_cells,0.764128868
462,NIT,7.5,R4,6,NRF2,Total_cells,1.013422819
463,NIT,7.5,R4,7,NRF2,Apop_cells,0.253874755
464,NIT,7.5,R4,7,NRF2,Live_cells,0.785554776
465,NIT,7.5,R4,7,NRF2,Total_cells,1.03942953
466,NIT,7.5,R4,8,NRF2,Apop_cells,0.288170541
467,NIT,7.5,R4,8,NRF2,Live_cells,0.808305969
468,NIT,7.5,R4,8,NRF2,Total_cells,1.09647651
469,NIT,7.5,R4,9,NRF2,Apop_cells,0.318444995
470,NIT,7.5,R4,9,NRF2,Live_cells,0.81410534
471,NIT,7.5,R4,9,NRF2,Total_cells,1.132550336
472,NIT,7.5,R4,10,NRF2,Apop_cells,0.341625989
473,NIT,7.5,R4,10,NRF2,Live_cells,0.824481393
474,NIT,7.5,R4,10,NRF2,Total_cells,1.166107383
475,NIT,7.5,R4,11,NRF2,Apop_cells,0.357433076
476,NIT,7.5,R4,11,NRF2,Live_cells,0.83635887
477,NIT,7.5,R4,11,NRF2,Total_cells,1.193791946
478,NIT,7.5,R4,12,NRF2,Apop_cells,0.35277581
479,NIT,7.5,R4,12,NRF2,Live_cells,0.832626874
480,NIT,7.5,R4,12,NRF2,Total_cells,1.185402685
481,NIT,7.5,R4,13,NRF2,Apop_cells,0.373981955
482,NIT,7.5,R4,13,NRF2,Live_cells,0.842460998
483,NIT,7.5,R4,13,NRF2,Total_cells,1.216442953
484,NIT,7.5,R4,14,NRF2,Apop_cells,0.411372648
485,NIT,7.5,R4,14,NRF2,Live_cells,0.814298493
486,NIT,7.5,R4,14,NRF2,Total_cells,1.225671141
487,NIT,7.5,R4,15,NRF2,Apop_cells,0.406266595
488,NIT,7.5,R4,15,NRF2,Live_cells,0.842055552
489,NIT,7.5,R4,15,NRF2,Total_cells,1.248322148
490,NIT,7.5,R4,16,NRF2,Apop_cells,0.430452156
491,NIT,7.5,R4,16,NRF2,Live_cells,0.845554555
492,NIT,7.5,R4,16,NRF2,Total_cells,1.276006711
493,NIT,7.5,R4,17,NRF2,Apop_cells,0.439931908
494,NIT,7.5,R4,17,NRF2,Live_cells,0.857047958
495,NIT,7.5,R4,17,NRF2,Total_cells,1.296979866
496,NIT,7.5,R4,18,NRF2,Apop_cells,0.497957724
497,NIT,7.5,R4,18,NRF2,Live_cells,0.823351001
498,NIT,7.5,R4,18,NRF2,Total_cells,1.321308725
499,NIT,7.5,R4,19,NRF2,Apop_cells,0.527263466
500,NIT,7.5,R4,19,NRF2,Live_cells,0.831796937
501,NIT,7.5,R4,19,NRF2,Total_cells,1.359060403
502,NIT,7.5,R4,20,NRF2,Apop_cells,0.525161087
503,NIT,7.5,R4,20,NRF2,Live_cells,0.832221464
504,NIT,7.5,R4,20,NRF2,Total_cells,1.35738255
505,NIT,15,R1,0,NRF2,Apop_cells,NA
506,NIT,15,R1,0,NRF2,Live_cells,NA
507,NIT,15,R1,0,NRF2,Total_cells,1
508,NIT,15,R1,1,NRF2,Apop_cells,0.111158947
509,NIT,15,R1,1,NRF2,Live_cells,0.888841053
510,NIT,15,R1,1,NRF2,Total_cells,1
511,NIT,15,R1,2,NRF2,Apop_cells,0.099269603
512,NIT,15,R1,2,NRF2,Live_cells,0.899113582
513,NIT,15,R1,2,NRF2,Total_cells,0.998383185
514,NIT,15,R1,3,NRF2,Apop_cells,0.114138137
515,NIT,15,R1,3,NRF2,Live_cells,0.885053455
516,NIT,15,R1,3,NRF2,Total_cells,0.999191593
517,NIT,15,R1,4,NRF2,Apop_cells,0.123641874
518,NIT,15,R1,4,NRF2,Live_cells,0.883633793
519,NIT,15,R1,4,NRF2,Total_cells,1.007275667
520,NIT,15,R1,5,NRF2,Apop_cells,0.14539765
521,NIT,15,R1,5,NRF2,Live_cells,0.862686424
522,NIT,15,R1,5,NRF2,Total_cells,1.008084074
523,NIT,15,R1,6,NRF2,Apop_cells,0.155905999
524,NIT,15,R1,6,NRF2,Live_cells,0.884514373
525,NIT,15,R1,6,NRF2,Total_cells,1.040420372
526,NIT,15,R1,7,NRF2,Apop_cells,0.18328606
527,NIT,15,R1,7,NRF2,Live_cells,0.862793164
528,NIT,15,R1,7,NRF2,Total_cells,1.046079224
529,NIT,15,R1,8,NRF2,Apop_cells,0.20054967
530,NIT,15,R1,8,NRF2,Live_cells,0.891608778
531,NIT,15,R1,8,NRF2,Total_cells,1.092158448
532,NIT,15,R1,9,NRF2,Apop_cells,0.212764418
533,NIT,15,R1,9,NRF2,Live_cells,0.896370586
534,NIT,15,R1,9,NRF2,Total_cells,1.109135004
535,NIT,15,R1,10,NRF2,Apop_cells,0.259526503
536,NIT,15,R1,10,NRF2,Live_cells,0.898112947
537,NIT,15,R1,10,NRF2,Total_cells,1.15763945
538,NIT,15,R1,11,NRF2,Apop_cells,0.267167205
539,NIT,15,R1,11,NRF2,Live_cells,0.909065616
540,NIT,15,R1,11,NRF2,Total_cells,1.176232821
541,NIT,15,R1,12,NRF2,Apop_cells,0.291701425
542,NIT,15,R1,12,NRF2,Live_cells,0.920909731
543,NIT,15,R1,12,NRF2,Total_cells,1.212611156
544,NIT,15,R1,13,NRF2,Apop_cells,0.306993149
545,NIT,15,R1,13,NRF2,Live_cells,0.938762712
546,NIT,15,R1,13,NRF2,Total_cells,1.245755861
547,NIT,15,R1,14,NRF2,Apop_cells,0.314020071
548,NIT,15,R1,14,NRF2,Live_cells,1.002875645
549,NIT,15,R1,14,NRF2,Total_cells,1.316895715
550,NIT,15,R1,15,NRF2,Apop_cells,0.335185569
551,NIT,15,R1,15,NRF2,Live_cells,0.988985814
552,NIT,15,R1,15,NRF2,Total_cells,1.324171382
553,NIT,15,R1,16,NRF2,Apop_cells,0.352647786
554,NIT,15,R1,16,NRF2,Live_cells,1.012752376
555,NIT,15,R1,16,NRF2,Total_cells,1.365400162
556,NIT,15,R1,17,NRF2,Apop_cells,0.370465221
557,NIT,15,R1,17,NRF2,Live_cells,1.030504868
558,NIT,15,R1,17,NRF2,Total_cells,1.400970089
559,NIT,15,R1,18,NRF2,Apop_cells,0.381166394
560,NIT,15,R1,18,NRF2,Live_cells,1.061032475
561,NIT,15,R1,18,NRF2,Total_cells,1.442198868
562,NIT,15,R1,19,NRF2,Apop_cells,0.427347801
563,NIT,15,R1,19,NRF2,Live_cells,1.065780736
564,NIT,15,R1,19,NRF2,Total_cells,1.493128537
565,NIT,15,R1,20,NRF2,Apop_cells,0.420309466
566,NIT,15,R1,20,NRF2,Live_cells,1.084136775
567,NIT,15,R1,20,NRF2,Total_cells,1.504446241
568,NIT,15,R2,0,NRF2,Apop_cells,NA
569,NIT,15,R2,0,NRF2,Live_cells,NA
570,NIT,15,R2,0,NRF2,Total_cells,1
571,NIT,15,R2,1,NRF2,Apop_cells,0.158364745
572,NIT,15,R2,1,NRF2,Live_cells,0.841635255
573,NIT,15,R2,1,NRF2,Total_cells,1
574,NIT,15,R2,2,NRF2,Apop_cells,0.170332113
575,NIT,15,R2,2,NRF2,Live_cells,0.820185757
576,NIT,15,R2,2,NRF2,Total_cells,0.99051787
577,NIT,15,R2,3,NRF2,Apop_cells,0.171886744
578,NIT,15,R2,3,NRF2,Live_cells,0.831030835
579,NIT,15,R2,3,NRF2,Total_cells,1.002917578
580,NIT,15,R2,4,NRF2,Apop_cells,0.180465283
581,NIT,15,R2,4,NRF2,Live_cells,0.804946825
582,NIT,15,R2,4,NRF2,Total_cells,0.985412108
583,NIT,15,R2,5,NRF2,Apop_cells,0.181601551
584,NIT,15,R2,5,NRF2,Live_cells,0.827151184
585,NIT,15,R2,5,NRF2,Total_cells,1.008752735
586,NIT,15,R2,6,NRF2,Apop_cells,0.199013561
587,NIT,15,R2,6,NRF2,Live_cells,0.815574331
588,NIT,15,R2,6,NRF2,Total_cells,1.014587892
589,NIT,15,R2,7,NRF2,Apop_cells,0.218124393
590,NIT,15,R2,7,NRF2,Live_cells,0.865755987
591,NIT,15,R2,7,NRF2,Total_cells,1.083880379
592,NIT,15,R2,8,NRF2,Apop_cells,0.234343912
593,NIT,15,R2,8,NRF2,Live_cells,0.850995257
594,NIT,15,R2,8,NRF2,Total_cells,1.085339168
595,NIT,15,R2,9,NRF2,Apop_cells,0.263999784
596,NIT,15,R2,9,NRF2,Live_cells,0.85562093
597,NIT,15,R2,9,NRF2,Total_cells,1.119620715
598,NIT,15,R2,10,NRF2,Apop_cells,0.275148272
599,NIT,15,R2,10,NRF2,Live_cells,0.891883092
600,NIT,15,R2,10,NRF2,Total_cells,1.167031364
601,NIT,15,R2,11,NRF2,Apop_cells,0.299810106
602,NIT,15,R2,11,NRF2,Live_cells,0.870868231
603,NIT,15,R2,11,NRF2,Total_cells,1.170678337
604,NIT,15,R2,12,NRF2,Apop_cells,0.324179884
605,NIT,15,R2,12,NRF2,Live_cells,0.882238789
606,NIT,15,R2,12,NRF2,Total_cells,1.206418673
607,NIT,15,R2,13,NRF2,Apop_cells,0.338454425
608,NIT,15,R2,13,NRF2,Live_cells,0.891304875
609,NIT,15,R2,13,NRF2,Total_cells,1.2297593
610,NIT,15,R2,14,NRF2,Apop_cells,0.352055249
611,NIT,15,R2,14,NRF2,Live_cells,0.913444386
612,NIT,15,R2,14,NRF2,Total_cells,1.265499635
613,NIT,15,R2,15,NRF2,Apop_cells,0.339450599
614,NIT,15,R2,15,NRF2,Live_cells,0.949389663
615,NIT,15,R2,15,NRF2,Total_cells,1.288840263
616,NIT,15,R2,16,NRF2,Apop_cells,0.364075228
617,NIT,15,R2,16,NRF2,Live_cells,0.973634472
618,NIT,15,R2,16,NRF2,Total_cells,1.337709701
619,NIT,15,R2,17,NRF2,Apop_cells,0.382911667
620,NIT,15,R2,17,NRF2,Live_cells,0.986162001
621,NIT,15,R2,17,NRF2,Total_cells,1.369073669
622,NIT,15,R2,18,NRF2,Apop_cells,0.398136071
623,NIT,15,R2,18,NRF2,Live_cells,1.001572171
624,NIT,15,R2,18,NRF2,Total_cells,1.399708242
625,NIT,15,R2,19,NRF2,Apop_cells,0.440089895
626,NIT,15,R2,19,NRF2,Live_cells,0.975665028
627,NIT,15,R2,19,NRF2,Total_cells,1.415754923
628,NIT,15,R2,20,NRF2,Apop_cells,0.437834177
629,NIT,15,R2,20,NRF2,Live_cells,1.039189893
630,NIT,15,R2,20,NRF2,Total_cells,1.47702407
631,NIT,15,R3,0,NRF2,Apop_cells,NA
632,NIT,15,R3,0,NRF2,Live_cells,NA
633,NIT,15,R3,0,NRF2,Total_cells,1
634,NIT,15,R3,1,NRF2,Apop_cells,0.120629783
635,NIT,15,R3,1,NRF2,Live_cells,0.879370217
636,NIT,15,R3,1,NRF2,Total_cells,1
637,NIT,15,R3,2,NRF2,Apop_cells,0.128602953
638,NIT,15,R3,2,NRF2,Live_cells,0.890121447
639,NIT,15,R3,2,NRF2,Total_cells,1.0187244
640,NIT,15,R3,3,NRF2,Apop_cells,0.136218161
641,NIT,15,R3,3,NRF2,Live_cells,0.886602202
642,NIT,15,R3,3,NRF2,Total_cells,1.022820363
643,NIT,15,R3,4,NRF2,Apop_cells,0.145227031
644,NIT,15,R3,4,NRF2,Live_cells,0.87817847
645,NIT,15,R3,4,NRF2,Total_cells,1.0234055
646,NIT,15,R3,5,NRF2,Apop_cells,0.153796458
647,NIT,15,R3,5,NRF2,Live_cells,0.894184818
648,NIT,15,R3,5,NRF2,Total_cells,1.047981276
649,NIT,15,R3,6,NRF2,Apop_cells,0.160346398
650,NIT,15,R3,6,NRF2,Live_cells,0.89641194
651,NIT,15,R3,6,NRF2,Total_cells,1.056758338
652,NIT,15,R3,7,NRF2,Apop_cells,0.191745503
653,NIT,15,R3,7,NRF2,Live_cells,0.867353386
654,NIT,15,R3,7,NRF2,Total_cells,1.059098888
655,NIT,15,R3,8,NRF2,Apop_cells,0.201302444
656,NIT,15,R3,8,NRF2,Live_cells,0.885297907
657,NIT,15,R3,8,NRF2,Total_cells,1.086600351
658,NIT,15,R3,9,NRF2,Apop_cells,0.220631923
659,NIT,15,R3,9,NRF2,Live_cells,0.928578142
660,NIT,15,R3,9,NRF2,Total_cells,1.149210064
661,NIT,15,R3,10,NRF2,Apop_cells,0.243079402
662,NIT,15,R3,10,NRF2,Live_cells,0.947090288
663,NIT,15,R3,10,NRF2,Total_cells,1.19016969
664,NIT,15,R3,11,NRF2,Apop_cells,0.253949375
665,NIT,15,R3,11,NRF2,Live_cells,0.943827103
666,NIT,15,R3,11,NRF2,Total_cells,1.197776477
667,NIT,15,R3,12,NRF2,Apop_cells,0.282800697
668,NIT,15,R3,12,NRF2,Live_cells,0.950669169
669,NIT,15,R3,12,NRF2,Total_cells,1.233469865
670,NIT,15,R3,13,NRF2,Apop_cells,0.301470902
671,NIT,15,R3,13,NRF2,Live_cells,0.972958589
672,NIT,15,R3,13,NRF2,Total_cells,1.274429491
673,NIT,15,R3,14,NRF2,Apop_cells,0.31064837
674,NIT,15,R3,14,NRF2,Live_cells,0.992452859
675,NIT,15,R3,14,NRF2,Total_cells,1.303101229
676,NIT,15,R3,15,NRF2,Apop_cells,0.341269618
677,NIT,15,R3,15,NRF2,Live_cells,0.988162798
678,NIT,15,R3,15,NRF2,Total_cells,1.329432417
679,NIT,15,R3,16,NRF2,Apop_cells,0.354905007
680,NIT,15,R3,16,NRF2,Live_cells,0.996762635
681,NIT,15,R3,16,NRF2,Total_cells,1.351667642
682,NIT,15,R3,17,NRF2,Apop_cells,0.352835111
683,NIT,15,R3,17,NRF2,Live_cells,0.999417668
684,NIT,15,R3,17,NRF2,Total_cells,1.352252779
685,NIT,15,R3,18,NRF2,Apop_cells,0.38050382
686,NIT,15,R3,18,NRF2,Live_cells,1.032018123
687,NIT,15,R3,18,NRF2,Total_cells,1.412521943
688,NIT,15,R3,19,NRF2,Apop_cells,0.383351833
689,NIT,15,R3,19,NRF2,Live_cells,1.044968822
690,NIT,15,R3,19,NRF2,Total_cells,1.428320655
691,NIT,15,R3,20,NRF2,Apop_cells,0.428203592
692,NIT,15,R3,20,NRF2,Live_cells,1.045757789
693,NIT,15,R3,20,NRF2,Total_cells,1.473961381
694,NIT,15,R4,0,NRF2,Apop_cells,NA
695,NIT,15,R4,0,NRF2,Live_cells,NA
696,NIT,15,R4,0,NRF2,Total_cells,1
697,NIT,15,R4,1,NRF2,Apop_cells,0.118267214
698,NIT,15,R4,1,NRF2,Live_cells,0.881732786
699,NIT,15,R4,1,NRF2,Total_cells,1
700,NIT,15,R4,2,NRF2,Apop_cells,0.11944096
701,NIT,15,R4,2,NRF2,Live_cells,0.875935526
702,NIT,15,R4,2,NRF2,Total_cells,0.995376486
703,NIT,15,R4,3,NRF2,Apop_cells,0.125642942
704,NIT,15,R4,3,NRF2,Live_cells,0.896153623
705,NIT,15,R4,3,NRF2,Total_cells,1.021796565
706,NIT,15,R4,4,NRF2,Apop_cells,0.12876296
707,NIT,15,R4,4,NRF2,Live_cells,0.872558044
708,NIT,15,R4,4,NRF2,Total_cells,1.001321004
709,NIT,15,R4,5,NRF2,Apop_cells,0.152455991
710,NIT,15,R4,5,NRF2,Live_cells,0.86141455
711,NIT,15,R4,5,NRF2,Total_cells,1.013870542
712,NIT,15,R4,6,NRF2,Apop_cells,0.163575016
713,NIT,15,R4,6,NRF2,Live_cells,0.867468577
714,NIT,15,R4,6,NRF2,Total_cells,1.031043593
715,NIT,15,R4,7,NRF2,Apop_cells,0.175654403
716,NIT,15,R4,7,NRF2,Live_cells,0.885772282
717,NIT,15,R4,7,NRF2,Total_cells,1.061426684
718,NIT,15,R4,8,NRF2,Apop_cells,0.192227347
719,NIT,15,R4,8,NRF2,Live_cells,0.886372389
720,NIT,15,R4,8,NRF2,Total_cells,1.078599736
721,NIT,15,R4,9,NRF2,Apop_cells,0.225994299
722,NIT,15,R4,9,NRF2,Live_cells,0.889593547
723,NIT,15,R4,9,NRF2,Total_cells,1.115587847
724,NIT,15,R4,10,NRF2,Apop_cells,0.248444643
725,NIT,15,R4,10,NRF2,Live_cells,0.894223785
726,NIT,15,R4,10,NRF2,Total_cells,1.142668428
727,NIT,15,R4,11,NRF2,Apop_cells,0.275959775
728,NIT,15,R4,11,NRF2,Live_cells,0.875295178
729,NIT,15,R4,11,NRF2,Total_cells,1.151254954
730,NIT,15,R4,12,NRF2,Apop_cells,0.289434256
731,NIT,15,R4,12,NRF2,Live_cells,0.908055837
732,NIT,15,R4,12,NRF2,Total_cells,1.197490092
733,NIT,15,R4,13,NRF2,Apop_cells,0.309579955
734,NIT,15,R4,13,NRF2,Live_cells,0.924898248
735,NIT,15,R4,13,NRF2,Total_cells,1.234478203
736,NIT,15,R4,14,NRF2,Apop_cells,0.321608555
737,NIT,15,R4,14,NRF2,Live_cells,0.954481273
738,NIT,15,R4,14,NRF2,Total_cells,1.276089828
739,NIT,15,R4,15,NRF2,Apop_cells,0.34236129
740,NIT,15,R4,15,NRF2,Live_cells,0.967414139
741,NIT,15,R4,15,NRF2,Total_cells,1.309775429
742,NIT,15,R4,16,NRF2,Apop_cells,0.368880457
743,NIT,15,R4,16,NRF2,Live_cells,0.989772119
744,NIT,15,R4,16,NRF2,Total_cells,1.358652576
745,NIT,15,R4,17,NRF2,Apop_cells,0.367092766
746,NIT,15,R4,17,NRF2,Live_cells,1.025245411
747,NIT,15,R4,17,NRF2,Total_cells,1.392338177
748,NIT,15,R4,18,NRF2,Apop_cells,0.385894697
749,NIT,15,R4,18,NRF2,Live_cells,1.022295527
750,NIT,15,R4,18,NRF2,Total_cells,1.408190225
751,NIT,15,R4,19,NRF2,Apop_cells,0.409882708
752,NIT,15,R4,19,NRF2,Live_cells,1.011517556
753,NIT,15,R4,19,NRF2,Total_cells,1.421400264
754,NIT,15,R4,20,NRF2,Apop_cells,0.415512118
755,NIT,15,R4,20,NRF2,Live_cells,1.050141779
756,NIT,15,R4,20,NRF2,Total_cells,1.465653897
757,NIT,20,R1,0,NRF2,Apop_cells,NA
758,NIT,20,R1,0,NRF2,Live_cells,NA
759,NIT,20,R1,0,NRF2,Total_cells,1
760,NIT,20,R1,1,NRF2,Apop_cells,0.11221867
761,NIT,20,R1,1,NRF2,Live_cells,0.88778133
762,NIT,20,R1,1,NRF2,Total_cells,1
763,NIT,20,R1,2,NRF2,Apop_cells,0.117896588
764,NIT,20,R1,2,NRF2,Live_cells,0.860144955
765,NIT,20,R1,2,NRF2,Total_cells,0.978041543
766,NIT,20,R1,3,NRF2,Apop_cells,0.126539932
767,NIT,20,R1,3,NRF2,Live_cells,0.839038703
768,NIT,20,R1,3,NRF2,Total_cells,0.965578635
769,NIT,20,R1,4,NRF2,Apop_cells,0.123290508
770,NIT,20,R1,4,NRF2,Live_cells,0.840507712
771,NIT,20,R1,4,NRF2,Total_cells,0.96379822
772,NIT,20,R1,5,NRF2,Apop_cells,0.127577731
773,NIT,20,R1,5,NRF2,Live_cells,0.86292672
774,NIT,20,R1,5,NRF2,Total_cells,0.990504451
775,NIT,20,R1,6,NRF2,Apop_cells,0.148883646
776,NIT,20,R1,6,NRF2,Live_cells,0.84992941
777,NIT,20,R1,6,NRF2,Total_cells,0.998813056
778,NIT,20,R1,7,NRF2,Apop_cells,0.170863624
779,NIT,20,R1,7,NRF2,Live_cells,0.845753587
780,NIT,20,R1,7,NRF2,Total_cells,1.016617211
781,NIT,20,R1,8,NRF2,Apop_cells,0.193661076
782,NIT,20,R1,8,NRF2,Live_cells,0.855597085
783,NIT,20,R1,8,NRF2,Total_cells,1.04925816
784,NIT,20,R1,9,NRF2,Apop_cells,0.201452586
785,NIT,20,R1,9,NRF2,Live_cells,0.870357503
786,NIT,20,R1,9,NRF2,Total_cells,1.071810089
787,NIT,20,R1,10,NRF2,Apop_cells,0.224160255
788,NIT,20,R1,10,NRF2,Live_cells,0.894534107
789,NIT,20,R1,10,NRF2,Total_cells,1.118694362
790,NIT,20,R1,11,NRF2,Apop_cells,0.225190937
791,NIT,20,R1,11,NRF2,Live_cells,0.900031615
792,NIT,20,R1,11,NRF2,Total_cells,1.125222552
793,NIT,20,R1,12,NRF2,Apop_cells,0.237382503
794,NIT,20,R1,12,NRF2,Live_cells,0.900302957
795,NIT,20,R1,12,NRF2,Total_cells,1.13768546
796,NIT,20,R1,13,NRF2,Apop_cells,0.264232342
797,NIT,20,R1,13,NRF2,Live_cells,0.918556976
798,NIT,20,R1,13,NRF2,Total_cells,1.182789318
799,NIT,20,R1,14,NRF2,Apop_cells,0.289404598
800,NIT,20,R1,14,NRF2,Live_cells,0.919497479
801,NIT,20,R1,14,NRF2,Total_cells,1.208902077
802,NIT,20,R1,15,NRF2,Apop_cells,0.292414783
803,NIT,20,R1,15,NRF2,Live_cells,0.949721716
804,NIT,20,R1,15,NRF2,Total_cells,1.242136499
805,NIT,20,R1,16,NRF2,Apop_cells,0.306025299
806,NIT,20,R1,16,NRF2,Live_cells,0.947980636
807,NIT,20,R1,16,NRF2,Total_cells,1.254005935
808,NIT,20,R1,17,NRF2,Apop_cells,0.337156194
809,NIT,20,R1,17,NRF2,Live_cells,0.924564874
810,NIT,20,R1,17,NRF2,Total_cells,1.261721068
811,NIT,20,R1,18,NRF2,Apop_cells,0.349080055
812,NIT,20,R1,18,NRF2,Live_cells,0.916201844
813,NIT,20,R1,18,NRF2,Total_cells,1.265281899
814,NIT,20,R1,19,NRF2,Apop_cells,0.392782597
815,NIT,20,R1,19,NRF2,Live_cells,0.896831646
816,NIT,20,R1,19,NRF2,Total_cells,1.289614243
817,NIT,20,R1,20,NRF2,Apop_cells,0.395141813
818,NIT,20,R1,20,NRF2,Live_cells,0.915243944
819,NIT,20,R1,20,NRF2,Total_cells,1.310385757
820,NIT,20,R2,0,NRF2,Apop_cells,NA
821,NIT,20,R2,0,NRF2,Live_cells,NA
822,NIT,20,R2,0,NRF2,Total_cells,1
823,NIT,20,R2,1,NRF2,Apop_cells,0.115612152
824,NIT,20,R2,1,NRF2,Live_cells,0.884387848
825,NIT,20,R2,1,NRF2,Total_cells,1
826,NIT,20,R2,2,NRF2,Apop_cells,0.124614247
827,NIT,20,R2,2,NRF2,Live_cells,0.863174084
828,NIT,20,R2,2,NRF2,Total_cells,0.987788331
829,NIT,20,R2,3,NRF2,Apop_cells,0.12919332
830,NIT,20,R2,3,NRF2,Live_cells,0.862665567
831,NIT,20,R2,3,NRF2,Total_cells,0.991858887
832,NIT,20,R2,4,NRF2,Apop_cells,0.132492673
833,NIT,20,R2,4,NRF2,Live_cells,0.836299728
834,NIT,20,R2,4,NRF2,Total_cells,0.968792402
835,NIT,20,R2,5,NRF2,Apop_cells,0.161972817
836,NIT,20,R2,5,NRF2,Live_cells,0.852952556
837,NIT,20,R2,5,NRF2,Total_cells,1.014925373
838,NIT,20,R2,6,NRF2,Apop_cells,0.176465621
839,NIT,20,R2,6,NRF2,Live_cells,0.875094759
840,NIT,20,R2,6,NRF2,Total_cells,1.05156038
841,NIT,20,R2,7,NRF2,Apop_cells,0.185806261
842,NIT,20,R2,7,NRF2,Live_cells,0.867789397
843,NIT,20,R2,7,NRF2,Total_cells,1.053595658
844,NIT,20,R2,8,NRF2,Apop_cells,0.222285685
845,NIT,20,R2,8,NRF2,Live_cells,0.845556921
846,NIT,20,R2,8,NRF2,Total_cells,1.067842605
847,NIT,20,R2,9,NRF2,Apop_cells,0.225189231
848,NIT,20,R2,9,NRF2,Live_cells,0.860292452
849,NIT,20,R2,9,NRF2,Total_cells,1.085481682
850,NIT,20,R2,10,NRF2,Apop_cells,0.267339058
851,NIT,20,R2,10,NRF2,Live_cells,0.868346153
852,NIT,20,R2,10,NRF2,Total_cells,1.13568521
853,NIT,20,R2,11,NRF2,Apop_cells,0.28681835
854,NIT,20,R2,11,NRF2,Live_cells,0.872611772
855,NIT,20,R2,11,NRF2,Total_cells,1.159430122
856,NIT,20,R2,12,NRF2,Apop_cells,0.306073968
857,NIT,20,R2,12,NRF2,Live_cells,0.890669587
858,NIT,20,R2,12,NRF2,Total_cells,1.196743555
859,NIT,20,R2,13,NRF2,Apop_cells,0.340787652
860,NIT,20,R2,13,NRF2,Live_cells,0.855277477
861,NIT,20,R2,13,NRF2,Total_cells,1.196065129
862,NIT,20,R2,14,NRF2,Apop_cells,0.366792679
863,NIT,20,R2,14,NRF2,Live_cells,0.85844477
864,NIT,20,R2,14,NRF2,Total_cells,1.225237449
865,NIT,20,R2,15,NRF2,Apop_cells,0.387613271
866,NIT,20,R2,15,NRF2,Live_cells,0.870188629
867,NIT,20,R2,15,NRF2,Total_cells,1.2578019
868,NIT,20,R2,16,NRF2,Apop_cells,0.425659452
869,NIT,20,R2,16,NRF2,Live_cells,0.844354116
870,NIT,20,R2,16,NRF2,Total_cells,1.270013569
871,NIT,20,R2,17,NRF2,Apop_cells,0.434690178
872,NIT,20,R2,17,NRF2,Live_cells,0.87670738
873,NIT,20,R2,17,NRF2,Total_cells,1.311397558
874,NIT,20,R2,18,NRF2,Apop_cells,0.452358892
875,NIT,20,R2,18,NRF2,Live_cells,0.865822926
876,NIT,20,R2,18,NRF2,Total_cells,1.318181818
877,NIT,20,R2,19,NRF2,Apop_cells,0.472268961
878,NIT,20,R2,19,NRF2,Live_cells,0.875763603
879,NIT,20,R2,19,NRF2,Total_cells,1.348032564
880,NIT,20,R2,20,NRF2,Apop_cells,0.473652035
881,NIT,20,R2,20,NRF2,Live_cells,0.887949051
882,NIT,20,R2,20,NRF2,Total_cells,1.361601085
883,NIT,20,R3,0,NRF2,Apop_cells,NA
884,NIT,20,R3,0,NRF2,Live_cells,NA
885,NIT,20,R3,0,NRF2,Total_cells,1
886,NIT,20,R3,1,NRF2,Apop_cells,0.124626235
887,NIT,20,R3,1,NRF2,Live_cells,0.875373765
888,NIT,20,R3,1,NRF2,Total_cells,1
889,NIT,20,R3,2,NRF2,Apop_cells,0.139868859
890,NIT,20,R3,2,NRF2,Live_cells,0.859516513
891,NIT,20,R3,2,NRF2,Total_cells,0.999385372
892,NIT,20,R3,3,NRF2,Apop_cells,0.134573865
893,NIT,20,R3,3,NRF2,Live_cells,0.852518944
894,NIT,20,R3,3,NRF2,Total_cells,0.987092809
895,NIT,20,R3,4,NRF2,Apop_cells,0.145382551
896,NIT,20,R3,4,NRF2,Live_cells,0.822656785
897,NIT,20,R3,4,NRF2,Total_cells,0.968039336
898,NIT,20,R3,5,NRF2,Apop_cells,0.161174315
899,NIT,20,R3,5,NRF2,Live_cells,0.814855187
900,NIT,20,R3,5,NRF2,Total_cells,0.976029502
901,NIT,20,R3,6,NRF2,Apop_cells,0.167993331
902,NIT,20,R3,6,NRF2,Live_cells,0.818484849
903,NIT,20,R3,6,NRF2,Total_cells,0.986478181
904,NIT,20,R3,7,NRF2,Apop_cells,0.184919315
905,NIT,20,R3,7,NRF2,Live_cells,0.815080686
906,NIT,20,R3,7,NRF2,Total_cells,1
907,NIT,20,R3,8,NRF2,Apop_cells,0.19647842
908,NIT,20,R3,8,NRF2,Live_cells,0.841628525
909,NIT,20,R3,8,NRF2,Total_cells,1.038106945
910,NIT,20,R3,9,NRF2,Apop_cells,0.232696951
911,NIT,20,R3,9,NRF2,Live_cells,0.808483135
912,NIT,20,R3,9,NRF2,Total_cells,1.041180086
913,NIT,20,R3,10,NRF2,Apop_cells,0.244057034
914,NIT,20,R3,10,NRF2,Live_cells,0.838917766
915,NIT,20,R3,10,NRF2,Total_cells,1.0829748
916,NIT,20,R3,11,NRF2,Apop_cells,0.286077895
917,NIT,20,R3,11,NRF2,Live_cells,0.841150132
918,NIT,20,R3,11,NRF2,Total_cells,1.127228027
919,NIT,20,R3,12,NRF2,Apop_cells,0.290075209
920,NIT,20,R3,12,NRF2,Live_cells,0.866040341
921,NIT,20,R3,12,NRF2,Total_cells,1.15611555
922,NIT,20,R3,13,NRF2,Apop_cells,0.318733562
923,NIT,20,R3,13,NRF2,Live_cells,0.821401657
924,NIT,20,R3,13,NRF2,Total_cells,1.140135218
925,NIT,20,R3,14,NRF2,Apop_cells,0.342134503
926,NIT,20,R3,14,NRF2,Live_cells,0.843483198
927,NIT,20,R3,14,NRF2,Total_cells,1.185617701
928,NIT,20,R3,15,NRF2,Apop_cells,0.366121146
929,NIT,20,R3,15,NRF2,Live_cells,0.826872093
930,NIT,20,R3,15,NRF2,Total_cells,1.192993239
931,NIT,20,R3,16,NRF2,Apop_cells,0.376980104
932,NIT,20,R3,16,NRF2,Live_cells,0.857807849
933,NIT,20,R3,16,NRF2,Total_cells,1.234787953
934,NIT,20,R3,17,NRF2,Apop_cells,0.416574973
935,NIT,20,R3,17,NRF2,Live_cells,0.82804703
936,NIT,20,R3,17,NRF2,Total_cells,1.244622004
937,NIT,20,R3,18,NRF2,Apop_cells,0.397819366
938,NIT,20,R3,18,NRF2,Live_cells,0.859095201
939,NIT,20,R3,18,NRF2,Total_cells,1.256914567
940,NIT,20,R3,19,NRF2,Apop_cells,0.429203197
941,NIT,20,R3,19,NRF2,Live_cells,0.857828149
942,NIT,20,R3,19,NRF2,Total_cells,1.287031346
943,NIT,20,R3,20,NRF2,Apop_cells,0.445088053
944,NIT,20,R3,20,NRF2,Live_cells,0.850548087
945,NIT,20,R3,20,NRF2,Total_cells,1.29563614
946,NIT,20,R4,0,NRF2,Apop_cells,NA
947,NIT,20,R4,0,NRF2,Live_cells,NA
948,NIT,20,R4,0,NRF2,Total_cells,1
949,NIT,20,R4,1,NRF2,Apop_cells,0.121092125
950,NIT,20,R4,1,NRF2,Live_cells,0.878907875
951,NIT,20,R4,1,NRF2,Total_cells,1
952,NIT,20,R4,2,NRF2,Apop_cells,0.113928523
953,NIT,20,R4,2,NRF2,Live_cells,0.88551313
954,NIT,20,R4,2,NRF2,Total_cells,0.999441653
955,NIT,20,R4,3,NRF2,Apop_cells,0.127401491
956,NIT,20,R4,3,NRF2,Live_cells,0.87650694
957,NIT,20,R4,3,NRF2,Total_cells,1.003908431
958,NIT,20,R4,4,NRF2,Apop_cells,0.136825935
959,NIT,20,R4,4,NRF2,Live_cells,0.846981993
960,NIT,20,R4,4,NRF2,Total_cells,0.983807929
961,NIT,20,R4,5,NRF2,Apop_cells,0.139748336
962,NIT,20,R4,5,NRF2,Live_cells,0.852993149
963,NIT,20,R4,5,NRF2,Total_cells,0.992741485
964,NIT,20,R4,6,NRF2,Apop_cells,0.172297479
965,NIT,20,R4,6,NRF2,Live_cells,0.860645011
966,NIT,20,R4,6,NRF2,Total_cells,1.03294249
967,NIT,20,R4,7,NRF2,Apop_cells,0.193972589
968,NIT,20,R4,7,NRF2,Live_cells,0.862978835
969,NIT,20,R4,7,NRF2,Total_cells,1.056951424
970,NIT,20,R4,8,NRF2,Apop_cells,0.209567463
971,NIT,20,R4,8,NRF2,Live_cells,0.860225949
972,NIT,20,R4,8,NRF2,Total_cells,1.069793412
973,NIT,20,R4,9,NRF2,Apop_cells,0.241337207
974,NIT,20,R4,9,NRF2,Live_cells,0.859165305
975,NIT,20,R4,9,NRF2,Total_cells,1.100502513
976,NIT,20,R4,10,NRF2,Apop_cells,0.250861221
977,NIT,20,R4,10,NRF2,Live_cells,0.883700476
978,NIT,20,R4,10,NRF2,Total_cells,1.134561697
979,NIT,20,R4,11,NRF2,Apop_cells,0.256286261
980,NIT,20,R4,11,NRF2,Live_cells,0.901726022
981,NIT,20,R4,11,NRF2,Total_cells,1.158012284
982,NIT,20,R4,12,NRF2,Apop_cells,0.293843057
983,NIT,20,R4,12,NRF2,Live_cells,0.894878327
984,NIT,20,R4,12,NRF2,Total_cells,1.188721385
985,NIT,20,R4,13,NRF2,Apop_cells,0.304659132
986,NIT,20,R4,13,NRF2,Live_cells,0.89299581
987,NIT,20,R4,13,NRF2,Total_cells,1.197654941
988,NIT,20,R4,14,NRF2,Apop_cells,0.336437021
989,NIT,20,R4,14,NRF2,Live_cells,0.918727692
990,NIT,20,R4,14,NRF2,Total_cells,1.255164712
991,NIT,20,R4,15,NRF2,Apop_cells,0.35256408
992,NIT,20,R4,15,NRF2,Live_cells,0.914325925
993,NIT,20,R4,15,NRF2,Total_cells,1.266890006
994,NIT,20,R4,16,NRF2,Apop_cells,0.383696099
995,NIT,20,R4,16,NRF2,Live_cells,0.904411104
996,NIT,20,R4,16,NRF2,Total_cells,1.288107203
997,NIT,20,R4,17,NRF2,Apop_cells,0.392789514
998,NIT,20,R4,17,NRF2,Live_cells,0.879683964
999,NIT,20,R4,17,NRF2,Total_cells,1.272473479
1000,NIT,20,R4,18,NRF2,Apop_cells,0.423782257
1001,NIT,20,R4,18,NRF2,Live_cells,0.884983795
1002,NIT,20,R4,18,NRF2,Total_cells,1.308766052
1003,NIT,20,R4,19,NRF2,Apop_cells,0.444484135
1004,NIT,20,R4,19,NRF2,Live_cells,0.893315977
1005,NIT,20,R4,19,NRF2,Total_cells,1.337800112
1006,NIT,20,R4,20,NRF2,Apop_cells,0.47341165
1007,NIT,20,R4,20,NRF2,Live_cells,0.87499706
1008,NIT,20,R4,20,NRF2,Total_cells,1.34840871
1009,NIT,30,R1,0,NRF2,Apop_cells,NA
1010,NIT,30,R1,0,NRF2,Live_cells,NA
1011,NIT,30,R1,0,NRF2,Total_cells,1
1012,NIT,30,R1,1,NRF2,Apop_cells,0.137771366
1013,NIT,30,R1,1,NRF2,Live_cells,0.862228634
1014,NIT,30,R1,1,NRF2,Total_cells,1
1015,NIT,30,R1,2,NRF2,Apop_cells,0.130116268
1016,NIT,30,R1,2,NRF2,Live_cells,0.871374045
1017,NIT,30,R1,2,NRF2,Total_cells,1.001490313
1018,NIT,30,R1,3,NRF2,Apop_cells,0.143915523
1019,NIT,30,R1,3,NRF2,Live_cells,0.848632912
1020,NIT,30,R1,3,NRF2,Total_cells,0.992548435
1021,NIT,30,R1,4,NRF2,Apop_cells,0.155231595
1022,NIT,30,R1,4,NRF2,Live_cells,0.81198152
1023,NIT,30,R1,4,NRF2,Total_cells,0.967213115
1024,NIT,30,R1,5,NRF2,Apop_cells,0.158431634
1025,NIT,30,R1,5,NRF2,Live_cells,0.82592008
1026,NIT,30,R1,5,NRF2,Total_cells,0.984351714
1027,NIT,30,R1,6,NRF2,Apop_cells,0.166961333
1028,NIT,30,R1,6,NRF2,Live_cells,0.852412735
1029,NIT,30,R1,6,NRF2,Total_cells,1.019374069
1030,NIT,30,R1,7,NRF2,Apop_cells,0.194377497
1031,NIT,30,R1,7,NRF2,Live_cells,0.826486885
1032,NIT,30,R1,7,NRF2,Total_cells,1.020864382
1033,NIT,30,R1,8,NRF2,Apop_cells,0.216845387
1034,NIT,30,R1,8,NRF2,Live_cells,0.82413822
1035,NIT,30,R1,8,NRF2,Total_cells,1.040983607
1036,NIT,30,R1,9,NRF2,Apop_cells,0.252681424
1037,NIT,30,R1,9,NRF2,Live_cells,0.820343911
1038,NIT,30,R1,9,NRF2,Total_cells,1.073025335
1039,NIT,30,R1,10,NRF2,Apop_cells,0.243219762
1040,NIT,30,R1,10,NRF2,Live_cells,0.864082771
1041,NIT,30,R1,10,NRF2,Total_cells,1.107302534
1042,NIT,30,R1,11,NRF2,Apop_cells,0.270396409
1043,NIT,30,R1,11,NRF2,Live_cells,0.850318941
1044,NIT,30,R1,11,NRF2,Total_cells,1.12071535
1045,NIT,30,R1,12,NRF2,Apop_cells,0.305598448
1046,NIT,30,R1,12,NRF2,Live_cells,0.844923161
1047,NIT,30,R1,12,NRF2,Total_cells,1.15052161
1048,NIT,30,R1,13,NRF2,Apop_cells,0.32449393
1049,NIT,30,R1,13,NRF2,Live_cells,0.858814565
1050,NIT,30,R1,13,NRF2,Total_cells,1.183308495
1051,NIT,30,R1,14,NRF2,Apop_cells,0.329940411
1052,NIT,30,R1,14,NRF2,Live_cells,0.88168403
1053,NIT,30,R1,14,NRF2,Total_cells,1.211624441
1054,NIT,30,R1,15,NRF2,Apop_cells,0.368497518
1055,NIT,30,R1,15,NRF2,Live_cells,0.860265522
1056,NIT,30,R1,15,NRF2,Total_cells,1.22876304
1057,NIT,30,R1,16,NRF2,Apop_cells,0.368122497
1058,NIT,30,R1,16,NRF2,Live_cells,0.876288829
1059,NIT,30,R1,16,NRF2,Total_cells,1.244411326
1060,NIT,30,R1,17,NRF2,Apop_cells,0.386721724
1061,NIT,30,R1,17,NRF2,Live_cells,0.880044297
1062,NIT,30,R1,17,NRF2,Total_cells,1.266766021
1063,NIT,30,R1,18,NRF2,Apop_cells,0.40868461
1064,NIT,30,R1,18,NRF2,Live_cells,0.889377984
1065,NIT,30,R1,18,NRF2,Total_cells,1.298062593
1066,NIT,30,R1,19,NRF2,Apop_cells,0.43054235
1067,NIT,30,R1,19,NRF2,Live_cells,0.879442747
1068,NIT,30,R1,19,NRF2,Total_cells,1.309985097
1069,NIT,30,R1,20,NRF2,Apop_cells,0.439189257
1070,NIT,30,R1,20,NRF2,Live_cells,0.899856943
1071,NIT,30,R1,20,NRF2,Total_cells,1.3390462
1072,NIT,30,R2,0,NRF2,Apop_cells,NA
1073,NIT,30,R2,0,NRF2,Live_cells,NA
1074,NIT,30,R2,0,NRF2,Total_cells,1
1075,NIT,30,R2,1,NRF2,Apop_cells,0.137392655
1076,NIT,30,R2,1,NRF2,Live_cells,0.862607346
1077,NIT,30,R2,1,NRF2,Total_cells,1
1078,NIT,30,R2,2,NRF2,Apop_cells,0.133515431
1079,NIT,30,R2,2,NRF2,Live_cells,0.845977284
1080,NIT,30,R2,2,NRF2,Total_cells,0.979492715
1081,NIT,30,R2,3,NRF2,Apop_cells,0.137023604
1082,NIT,30,R2,3,NRF2,Live_cells,0.83545346
1083,NIT,30,R2,3,NRF2,Total_cells,0.972477064
1084,NIT,30,R2,4,NRF2,Apop_cells,0.144069645
1085,NIT,30,R2,4,NRF2,Live_cells,0.846216377
1086,NIT,30,R2,4,NRF2,Total_cells,0.990286023
1087,NIT,30,R2,5,NRF2,Apop_cells,0.159664806
1088,NIT,30,R2,5,NRF2,Live_cells,0.830621217
1089,NIT,30,R2,5,NRF2,Total_cells,0.990286023
1090,NIT,30,R2,6,NRF2,Apop_cells,0.174928128
1091,NIT,30,R2,6,NRF2,Live_cells,0.817516556
1092,NIT,30,R2,6,NRF2,Total_cells,0.992444684
1093,NIT,30,R2,7,NRF2,Apop_cells,0.201698509
1094,NIT,30,R2,7,NRF2,Live_cells,0.832840077
1095,NIT,30,R2,7,NRF2,Total_cells,1.034538586
1096,NIT,30,R2,8,NRF2,Apop_cells,0.211608662
1097,NIT,30,R2,8,NRF2,Live_cells,0.839659552
1098,NIT,30,R2,8,NRF2,Total_cells,1.051268214
1099,NIT,30,R2,9,NRF2,Apop_cells,0.24655251
1100,NIT,30,R2,9,NRF2,Live_cells,0.824683324
1101,NIT,30,R2,9,NRF2,Total_cells,1.071235834
1102,NIT,30,R2,10,NRF2,Apop_cells,0.283995207
1103,NIT,30,R2,10,NRF2,Live_cells,0.821239548
1104,NIT,30,R2,10,NRF2,Total_cells,1.105234754
1105,NIT,30,R2,11,NRF2,Apop_cells,0.305698468
1106,NIT,30,R2,11,NRF2,Live_cells,0.828138553
1107,NIT,30,R2,11,NRF2,Total_cells,1.133837021
1108,NIT,30,R2,12,NRF2,Apop_cells,0.314461319
1109,NIT,30,R2,12,NRF2,Live_cells,0.835025999
1110,NIT,30,R2,12,NRF2,Total_cells,1.149487318
1111,NIT,30,R2,13,NRF2,Apop_cells,0.340259423
1112,NIT,30,R2,13,NRF2,Live_cells,0.817862542
1113,NIT,30,R2,13,NRF2,Total_cells,1.158121964
1114,NIT,30,R2,14,NRF2,Apop_cells,0.368745279
1115,NIT,30,R2,14,NRF2,Live_cells,0.824994603
1116,NIT,30,R2,14,NRF2,Total_cells,1.193739881
1117,NIT,30,R2,15,NRF2,Apop_cells,0.388629976
1118,NIT,30,R2,15,NRF2,Live_cells,0.801332247
1119,NIT,30,R2,15,NRF2,Total_cells,1.189962223
1120,NIT,30,R2,16,NRF2,Apop_cells,0.408845728
1121,NIT,30,R2,16,NRF2,Live_cells,0.767085195
1122,NIT,30,R2,16,NRF2,Total_cells,1.175930923
1123,NIT,30,R2,17,NRF2,Apop_cells,0.430782934
1124,NIT,30,R2,17,NRF2,Live_cells,0.792098879
1125,NIT,30,R2,17,NRF2,Total_cells,1.222881813
1126,NIT,30,R2,18,NRF2,Apop_cells,0.460193537
1127,NIT,30,R2,18,NRF2,Live_cells,0.772941919
1128,NIT,30,R2,18,NRF2,Total_cells,1.233135456
1129,NIT,30,R2,19,NRF2,Apop_cells,0.455721961
1130,NIT,30,R2,19,NRF2,Live_cells,0.784429146
1131,NIT,30,R2,19,NRF2,Total_cells,1.240151106
1132,NIT,30,R2,20,NRF2,Apop_cells,0.460421152
1133,NIT,30,R2,20,NRF2,Live_cells,0.794840585
1134,NIT,30,R2,20,NRF2,Total_cells,1.255261738
1135,NIT,30,R3,0,NRF2,Apop_cells,NA
1136,NIT,30,R3,0,NRF2,Live_cells,NA
1137,NIT,30,R3,0,NRF2,Total_cells,1
1138,NIT,30,R3,1,NRF2,Apop_cells,0.144405752
1139,NIT,30,R3,1,NRF2,Live_cells,0.855594248
1140,NIT,30,R3,1,NRF2,Total_cells,1
1141,NIT,30,R3,2,NRF2,Apop_cells,0.133616184
1142,NIT,30,R3,2,NRF2,Live_cells,0.878892045
1143,NIT,30,R3,2,NRF2,Total_cells,1.012508229
1144,NIT,30,R3,3,NRF2,Apop_cells,0.145790762
1145,NIT,30,R3,3,NRF2,Live_cells,0.879884024
1146,NIT,30,R3,3,NRF2,Total_cells,1.025674786
1147,NIT,30,R3,4,NRF2,Apop_cells,0.151655103
1148,NIT,30,R3,4,NRF2,Live_cells,0.864144766
1149,NIT,30,R3,4,NRF2,Total_cells,1.015799868
1150,NIT,30,R3,5,NRF2,Apop_cells,0.152912798
1151,NIT,30,R3,5,NRF2,Live_cells,0.861570415
1152,NIT,30,R3,5,NRF2,Total_cells,1.014483213
1153,NIT,30,R3,6,NRF2,Apop_cells,0.183440872
1154,NIT,30,R3,6,NRF2,Live_cells,0.85276716
1155,NIT,30,R3,6,NRF2,Total_cells,1.036208032
1156,NIT,30,R3,7,NRF2,Apop_cells,0.200976801
1157,NIT,30,R3,7,NRF2,Live_cells,0.865514312
1158,NIT,30,R3,7,NRF2,Total_cells,1.066491113
1159,NIT,30,R3,8,NRF2,Apop_cells,0.241421822
1160,NIT,30,R3,8,NRF2,Live_cells,0.822435979
1161,NIT,30,R3,8,NRF2,Total_cells,1.063857801
1162,NIT,30,R3,9,NRF2,Apop_cells,0.265705226
1163,NIT,30,R3,9,NRF2,Live_cells,0.842918868
1164,NIT,30,R3,9,NRF2,Total_cells,1.108624095
1165,NIT,30,R3,10,NRF2,Apop_cells,0.290603365
1166,NIT,30,R3,10,NRF2,Live_cells,0.847645483
1167,NIT,30,R3,10,NRF2,Total_cells,1.138248848
1168,NIT,30,R3,11,NRF2,Apop_cells,0.306625879
1169,NIT,30,R3,11,NRF2,Live_cells,0.863222706
1170,NIT,30,R3,11,NRF2,Total_cells,1.169848585
1171,NIT,30,R3,12,NRF2,Apop_cells,0.334825746
1172,NIT,30,R3,12,NRF2,Live_cells,0.858722641
1173,NIT,30,R3,12,NRF2,Total_cells,1.193548387
1174,NIT,30,R3,13,NRF2,Apop_cells,0.364376833
1175,NIT,30,R3,13,NRF2,Live_cells,0.846288079
1176,NIT,30,R3,13,NRF2,Total_cells,1.210664911
1177,NIT,30,R3,14,NRF2,Apop_cells,0.371632992
1178,NIT,30,R3,14,NRF2,Live_cells,0.871289984
1179,NIT,30,R3,14,NRF2,Total_cells,1.242922976
1180,NIT,30,R3,15,NRF2,Apop_cells,0.403062819
1181,NIT,30,R3,15,NRF2,Live_cells,0.879359828
1182,NIT,30,R3,15,NRF2,Total_cells,1.282422646
1183,NIT,30,R3,16,NRF2,Apop_cells,0.422165974
1184,NIT,30,R3,16,NRF2,Live_cells,0.85169841
1185,NIT,30,R3,16,NRF2,Total_cells,1.273864384
1186,NIT,30,R3,17,NRF2,Apop_cells,0.445423212
1187,NIT,30,R3,17,NRF2,Live_cells,0.885057367
1188,NIT,30,R3,17,NRF2,Total_cells,1.330480579
1189,NIT,30,R3,18,NRF2,Apop_cells,0.471395743
1190,NIT,30,R3,18,NRF2,Live_cells,0.868301427
1191,NIT,30,R3,18,NRF2,Total_cells,1.339697169
1192,NIT,30,R3,19,NRF2,Apop_cells,0.474305926
1193,NIT,30,R3,19,NRF2,Live_cells,0.827866556
1194,NIT,30,R3,19,NRF2,Total_cells,1.302172482
1195,NIT,30,R3,20,NRF2,Apop_cells,0.526860993
1196,NIT,30,R3,20,NRF2,Live_cells,0.810861193
1197,NIT,30,R3,20,NRF2,Total_cells,1.337722186
1198,NIT,30,R4,0,NRF2,Apop_cells,NA
1199,NIT,30,R4,0,NRF2,Live_cells,NA
1200,NIT,30,R4,0,NRF2,Total_cells,1
1201,NIT,30,R4,1,NRF2,Apop_cells,0.127464785
1202,NIT,30,R4,1,NRF2,Live_cells,0.872535215
1203,NIT,30,R4,1,NRF2,Total_cells,1
1204,NIT,30,R4,2,NRF2,Apop_cells,0.143531434
1205,NIT,30,R4,2,NRF2,Live_cells,0.850818848
1206,NIT,30,R4,2,NRF2,Total_cells,0.994350282
1207,NIT,30,R4,3,NRF2,Apop_cells,0.139976388
1208,NIT,30,R4,3,NRF2,Live_cells,0.885447341
1209,NIT,30,R4,3,NRF2,Total_cells,1.025423729
1210,NIT,30,R4,4,NRF2,Apop_cells,0.150620947
1211,NIT,30,R4,4,NRF2,Live_cells,0.855028771
1212,NIT,30,R4,4,NRF2,Total_cells,1.005649718
1213,NIT,30,R4,5,NRF2,Apop_cells,0.188602216
1214,NIT,30,R4,5,NRF2,Live_cells,0.831171795
1215,NIT,30,R4,5,NRF2,Total_cells,1.019774011
1216,NIT,30,R4,6,NRF2,Apop_cells,0.196307191
1217,NIT,30,R4,6,NRF2,Live_cells,0.821348176
1218,NIT,30,R4,6,NRF2,Total_cells,1.017655367
1219,NIT,30,R4,7,NRF2,Apop_cells,0.21688029
1220,NIT,30,R4,7,NRF2,Live_cells,0.821255304
1221,NIT,30,R4,7,NRF2,Total_cells,1.038135593
1222,NIT,30,R4,8,NRF2,Apop_cells,0.223115528
1223,NIT,30,R4,8,NRF2,Live_cells,0.872223455
1224,NIT,30,R4,8,NRF2,Total_cells,1.095338983
1225,NIT,30,R4,9,NRF2,Apop_cells,0.251581073
1226,NIT,30,R4,9,NRF2,Live_cells,0.869181639
1227,NIT,30,R4,9,NRF2,Total_cells,1.120762712
1228,NIT,30,R4,10,NRF2,Apop_cells,0.290924538
1229,NIT,30,R4,10,NRF2,Live_cells,0.856674332
1230,NIT,30,R4,10,NRF2,Total_cells,1.14759887
1231,NIT,30,R4,11,NRF2,Apop_cells,0.308773965
1232,NIT,30,R4,11,NRF2,Live_cells,0.846593267
1233,NIT,30,R4,11,NRF2,Total_cells,1.155367232
1234,NIT,30,R4,12,NRF2,Apop_cells,0.323628721
1235,NIT,30,R4,12,NRF2,Live_cells,0.847981448
1236,NIT,30,R4,12,NRF2,Total_cells,1.171610169
1237,NIT,30,R4,13,NRF2,Apop_cells,0.3678002
1238,NIT,30,R4,13,NRF2,Live_cells,0.851832568
1239,NIT,30,R4,13,NRF2,Total_cells,1.219632768
1240,NIT,30,R4,14,NRF2,Apop_cells,0.376449747
1241,NIT,30,R4,14,NRF2,Live_cells,0.844595451
1242,NIT,30,R4,14,NRF2,Total_cells,1.221045198
1243,NIT,30,R4,15,NRF2,Apop_cells,0.42069159
1244,NIT,30,R4,15,NRF2,Live_cells,0.81871519
1245,NIT,30,R4,15,NRF2,Total_cells,1.23940678
1246,NIT,30,R4,16,NRF2,Apop_cells,0.42900393
1247,NIT,30,R4,16,NRF2,Live_cells,0.847126014
1248,NIT,30,R4,16,NRF2,Total_cells,1.276129944
1249,NIT,30,R4,17,NRF2,Apop_cells,0.447596585
1250,NIT,30,R4,17,NRF2,Live_cells,0.849013585
1251,NIT,30,R4,17,NRF2,Total_cells,1.296610169
1252,NIT,30,R4,18,NRF2,Apop_cells,0.462509123
1253,NIT,30,R4,18,NRF2,Live_cells,0.850343985
1254,NIT,30,R4,18,NRF2,Total_cells,1.312853107
1255,NIT,30,R4,19,NRF2,Apop_cells,0.49234018
1256,NIT,30,R4,19,NRF2,Live_cells,0.833224792
1257,NIT,30,R4,19,NRF2,Total_cells,1.325564972
1258,NIT,30,R4,20,NRF2,Apop_cells,0.510005646
1259,NIT,30,R4,20,NRF2,Live_cells,0.846632772
1260,NIT,30,R4,20,NRF2,Total_cells,1.356638418
1261,NIT,60,R1,0,NRF2,Apop_cells,NA
1262,NIT,60,R1,0,NRF2,Live_cells,NA
1263,NIT,60,R1,0,NRF2,Total_cells,1
1264,NIT,60,R1,1,NRF2,Apop_cells,0.132409412
1265,NIT,60,R1,1,NRF2,Live_cells,0.867590588
1266,NIT,60,R1,1,NRF2,Total_cells,1
1267,NIT,60,R1,2,NRF2,Apop_cells,0.141967814
1268,NIT,60,R1,2,NRF2,Live_cells,0.856396417
1269,NIT,60,R1,2,NRF2,Total_cells,0.998364231
1270,NIT,60,R1,3,NRF2,Apop_cells,0.145110035
1271,NIT,60,R1,3,NRF2,Live_cells,0.857616247
1272,NIT,60,R1,3,NRF2,Total_cells,1.002726281
1273,NIT,60,R1,4,NRF2,Apop_cells,0.15404649
1274,NIT,60,R1,4,NRF2,Live_cells,0.850860816
1275,NIT,60,R1,4,NRF2,Total_cells,1.004907306
1276,NIT,60,R1,5,NRF2,Apop_cells,0.160470304
1277,NIT,60,R1,5,NRF2,Live_cells,0.844437002
1278,NIT,60,R1,5,NRF2,Total_cells,1.004907306
1279,NIT,60,R1,6,NRF2,Apop_cells,0.179488887
1280,NIT,60,R1,6,NRF2,Live_cells,0.836868801
1281,NIT,60,R1,6,NRF2,Total_cells,1.016357688
1282,NIT,60,R1,7,NRF2,Apop_cells,0.195103817
1283,NIT,60,R1,7,NRF2,Live_cells,0.83761156
1284,NIT,60,R1,7,NRF2,Total_cells,1.032715376
1285,NIT,60,R1,8,NRF2,Apop_cells,0.231526726
1286,NIT,60,R1,8,NRF2,Live_cells,0.795736088
1287,NIT,60,R1,8,NRF2,Total_cells,1.027262814
1288,NIT,60,R1,9,NRF2,Apop_cells,0.265195316
1289,NIT,60,R1,9,NRF2,Live_cells,0.752252885
1290,NIT,60,R1,9,NRF2,Total_cells,1.017448201
1291,NIT,60,R1,10,NRF2,Apop_cells,0.279071812
1292,NIT,60,R1,10,NRF2,Live_cells,0.743283695
1293,NIT,60,R1,10,NRF2,Total_cells,1.022355507
1294,NIT,60,R1,11,NRF2,Apop_cells,0.313592044
1295,NIT,60,R1,11,NRF2,Live_cells,0.718032819
1296,NIT,60,R1,11,NRF2,Total_cells,1.031624864
1297,NIT,60,R1,12,NRF2,Apop_cells,0.341389278
1298,NIT,60,R1,12,NRF2,Live_cells,0.699504943
1299,NIT,60,R1,12,NRF2,Total_cells,1.04089422
1300,NIT,60,R1,13,NRF2,Apop_cells,0.379768679
1301,NIT,60,R1,13,NRF2,Live_cells,0.65839926
1302,NIT,60,R1,13,NRF2,Total_cells,1.038167939
1303,NIT,60,R1,14,NRF2,Apop_cells,0.404396356
1304,NIT,60,R1,14,NRF2,Live_cells,0.642495684
1305,NIT,60,R1,14,NRF2,Total_cells,1.046892039
1306,NIT,60,R1,15,NRF2,Apop_cells,0.433376342
1307,NIT,60,R1,15,NRF2,Live_cells,0.636961716
1308,NIT,60,R1,15,NRF2,Total_cells,1.070338059
1309,NIT,60,R1,16,NRF2,Apop_cells,0.464927846
1310,NIT,60,R1,16,NRF2,Live_cells,0.604319701
1311,NIT,60,R1,16,NRF2,Total_cells,1.069247546
1312,NIT,60,R1,17,NRF2,Apop_cells,0.482157134
1313,NIT,60,R1,17,NRF2,Live_cells,0.596905025
1314,NIT,60,R1,17,NRF2,Total_cells,1.079062159
1315,NIT,60,R1,18,NRF2,Apop_cells,0.521462848
1316,NIT,60,R1,18,NRF2,Live_cells,0.548875211
1317,NIT,60,R1,18,NRF2,Total_cells,1.070338059
1318,NIT,60,R1,19,NRF2,Apop_cells,0.53900412
1319,NIT,60,R1,19,NRF2,Live_cells,0.55750624
1320,NIT,60,R1,19,NRF2,Total_cells,1.09651036
1321,NIT,60,R1,20,NRF2,Apop_cells,0.521727116
1322,NIT,60,R1,20,NRF2,Live_cells,0.539341586
1323,NIT,60,R1,20,NRF2,Total_cells,1.061068702
1324,NIT,60,R2,0,NRF2,Apop_cells,NA
1325,NIT,60,R2,0,NRF2,Live_cells,NA
1326,NIT,60,R2,0,NRF2,Total_cells,1
1327,NIT,60,R2,1,NRF2,Apop_cells,0.112746542
1328,NIT,60,R2,1,NRF2,Live_cells,0.887253458
1329,NIT,60,R2,1,NRF2,Total_cells,1
1330,NIT,60,R2,2,NRF2,Apop_cells,0.127115749
1331,NIT,60,R2,2,NRF2,Live_cells,0.862711311
1332,NIT,60,R2,2,NRF2,Total_cells,0.98982706
1333,NIT,60,R2,3,NRF2,Apop_cells,0.132669667
1334,NIT,60,R2,3,NRF2,Live_cells,0.86275251
1335,NIT,60,R2,3,NRF2,Total_cells,0.995422177
1336,NIT,60,R2,4,NRF2,Apop_cells,0.117979936
1337,NIT,60,R2,4,NRF2,Live_cells,0.859639596
1338,NIT,60,R2,4,NRF2,Total_cells,0.977619532
1339,NIT,60,R2,5,NRF2,Apop_cells,0.129450198
1340,NIT,60,R2,5,NRF2,Live_cells,0.854273098
1341,NIT,60,R2,5,NRF2,Total_cells,0.983723296
1342,NIT,60,R2,6,NRF2,Apop_cells,0.163478039
1343,NIT,60,R2,6,NRF2,Live_cells,0.81973661
1344,NIT,60,R2,6,NRF2,Total_cells,0.983214649
1345,NIT,60,R2,7,NRF2,Apop_cells,0.178257285
1346,NIT,60,R2,7,NRF2,Live_cells,0.833441596
1347,NIT,60,R2,7,NRF2,Total_cells,1.011698881
1348,NIT,60,R2,8,NRF2,Apop_cells,0.197418039
1349,NIT,60,R2,8,NRF2,Live_cells,0.818858665
1350,NIT,60,R2,8,NRF2,Total_cells,1.016276704
1351,NIT,60,R2,9,NRF2,Apop_cells,0.227230676
1352,NIT,60,R2,9,NRF2,Live_cells,0.808883261
1353,NIT,60,R2,9,NRF2,Total_cells,1.036113937
1354,NIT,60,R2,10,NRF2,Apop_cells,0.234466034
1355,NIT,60,R2,10,NRF2,Live_cells,0.796052786
1356,NIT,60,R2,10,NRF2,Total_cells,1.03051882
1357,NIT,60,R2,11,NRF2,Apop_cells,0.26456562
1358,NIT,60,R2,11,NRF2,Live_cells,0.795454726
1359,NIT,60,R2,11,NRF2,Total_cells,1.060020346
1360,NIT,60,R2,12,NRF2,Apop_cells,0.292701954
1361,NIT,60,R2,12,NRF2,Live_cells,0.769861627
1362,NIT,60,R2,12,NRF2,Total_cells,1.062563581
1363,NIT,60,R2,13,NRF2,Apop_cells,0.311698598
1364,NIT,60,R2,13,NRF2,Live_cells,0.755951453
1365,NIT,60,R2,13,NRF2,Total_cells,1.067650051
1366,NIT,60,R2,14,NRF2,Apop_cells,0.338709984
1367,NIT,60,R2,14,NRF2,Live_cells,0.767088592
1368,NIT,60,R2,14,NRF2,Total_cells,1.105798576
1369,NIT,60,R2,15,NRF2,Apop_cells,0.360949986
1370,NIT,60,R2,15,NRF2,Live_cells,0.772315528
1371,NIT,60,R2,15,NRF2,Total_cells,1.133265514
1372,NIT,60,R2,16,NRF2,Apop_cells,0.396019039
1373,NIT,60,R2,16,NRF2,Live_cells,0.736737828
1374,NIT,60,R2,16,NRF2,Total_cells,1.132756867
1375,NIT,60,R2,17,NRF2,Apop_cells,0.391557374
1376,NIT,60,R2,17,NRF2,Live_cells,0.75340702
1377,NIT,60,R2,17,NRF2,Total_cells,1.144964395
1378,NIT,60,R2,18,NRF2,Apop_cells,0.432807592
1379,NIT,60,R2,18,NRF2,Live_cells,0.720295155
1380,NIT,60,R2,18,NRF2,Total_cells,1.153102747
1381,NIT,60,R2,19,NRF2,Apop_cells,0.445633204
1382,NIT,60,R2,19,NRF2,Live_cells,0.696787955
1383,NIT,60,R2,19,NRF2,Total_cells,1.14242116
1384,NIT,60,R2,20,NRF2,Apop_cells,0.470613604
1385,NIT,60,R2,20,NRF2,Live_cells,0.690627494
1386,NIT,60,R2,20,NRF2,Total_cells,1.161241099
1387,NIT,60,R3,0,NRF2,Apop_cells,NA
1388,NIT,60,R3,0,NRF2,Live_cells,NA
1389,NIT,60,R3,0,NRF2,Total_cells,1
1390,NIT,60,R3,1,NRF2,Apop_cells,0.111315128
1391,NIT,60,R3,1,NRF2,Live_cells,0.888684873
1392,NIT,60,R3,1,NRF2,Total_cells,1
1393,NIT,60,R3,2,NRF2,Apop_cells,0.113084309
1394,NIT,60,R3,2,NRF2,Live_cells,0.892711265
1395,NIT,60,R3,2,NRF2,Total_cells,1.005795574
1396,NIT,60,R3,3,NRF2,Apop_cells,0.113677372
1397,NIT,60,R3,3,NRF2,Live_cells,0.884742017
1398,NIT,60,R3,3,NRF2,Total_cells,0.998419389
1399,NIT,60,R3,4,NRF2,Apop_cells,0.134396452
1400,NIT,60,R3,4,NRF2,Live_cells,0.862442326
1401,NIT,60,R3,4,NRF2,Total_cells,0.996838778
1402,NIT,60,R3,5,NRF2,Apop_cells,0.144905182
1403,NIT,60,R3,5,NRF2,Live_cells,0.861944134
1404,NIT,60,R3,5,NRF2,Total_cells,1.006849315
1405,NIT,60,R3,6,NRF2,Apop_cells,0.160774528
1406,NIT,60,R3,6,NRF2,Live_cells,0.858192806
1407,NIT,60,R3,6,NRF2,Total_cells,1.018967334
1408,NIT,60,R3,7,NRF2,Apop_cells,0.177622648
1409,NIT,60,R3,7,NRF2,Live_cells,0.86136576
1410,NIT,60,R3,7,NRF2,Total_cells,1.038988409
1411,NIT,60,R3,8,NRF2,Apop_cells,0.202071128
1412,NIT,60,R3,8,NRF2,Live_cells,0.840605374
1413,NIT,60,R3,8,NRF2,Total_cells,1.042676502
1414,NIT,60,R3,9,NRF2,Apop_cells,0.238508542
1415,NIT,60,R3,9,NRF2,Live_cells,0.823662164
1416,NIT,60,R3,9,NRF2,Total_cells,1.062170706
1417,NIT,60,R3,10,NRF2,Apop_cells,0.251701669
1418,NIT,60,R3,10,NRF2,Live_cells,0.813103389
1419,NIT,60,R3,10,NRF2,Total_cells,1.064805058
1420,NIT,60,R3,11,NRF2,Apop_cells,0.272576214
1421,NIT,60,R3,11,NRF2,Live_cells,0.831217252
1422,NIT,60,R3,11,NRF2,Total_cells,1.103793467
1423,NIT,60,R3,12,NRF2,Apop_cells,0.309233106
1424,NIT,60,R3,12,NRF2,Live_cells,0.800355935
1425,NIT,60,R3,12,NRF2,Total_cells,1.109589041
1426,NIT,60,R3,13,NRF2,Apop_cells,0.35970525
1427,NIT,60,R3,13,NRF2,Live_cells,0.756206236
1428,NIT,60,R3,13,NRF2,Total_cells,1.115911486
1429,NIT,60,R3,14,NRF2,Apop_cells,0.377192156
1430,NIT,60,R3,14,NRF2,Live_cells,0.769277813
1431,NIT,60,R3,14,NRF2,Total_cells,1.146469968
1432,NIT,60,R3,15,NRF2,Apop_cells,0.408910079
1433,NIT,60,R3,15,NRF2,Live_cells,0.731764315
1434,NIT,60,R3,15,NRF2,Total_cells,1.140674394
1435,NIT,60,R3,16,NRF2,Apop_cells,0.434183608
1436,NIT,60,R3,16,NRF2,Live_cells,0.721770027
1437,NIT,60,R3,16,NRF2,Total_cells,1.155953635
1438,NIT,60,R3,17,NRF2,Apop_cells,0.443938612
1439,NIT,60,R3,17,NRF2,Live_cells,0.730455487
1440,NIT,60,R3,17,NRF2,Total_cells,1.174394099
1441,NIT,60,R3,18,NRF2,Apop_cells,0.45754831
1442,NIT,60,R3,18,NRF2,Live_cells,0.697351584
1443,NIT,60,R3,18,NRF2,Total_cells,1.154899895
1444,NIT,60,R3,19,NRF2,Apop_cells,0.468360757
1445,NIT,60,R3,19,NRF2,Live_cells,0.70392586
1446,NIT,60,R3,19,NRF2,Total_cells,1.172286617
1447,NIT,60,R3,20,NRF2,Apop_cells,0.461494807
1448,NIT,60,R3,20,NRF2,Live_cells,0.732920367
1449,NIT,60,R3,20,NRF2,Total_cells,1.194415174
1450,NIT,60,R4,0,NRF2,Apop_cells,NA
1451,NIT,60,R4,0,NRF2,Live_cells,NA
1452,NIT,60,R4,0,NRF2,Total_cells,1
1453,NIT,60,R4,1,NRF2,Apop_cells,0.168664101
1454,NIT,60,R4,1,NRF2,Live_cells,0.831335899
1455,NIT,60,R4,1,NRF2,Total_cells,1
1456,NIT,60,R4,2,NRF2,Apop_cells,0.153432381
1457,NIT,60,R4,2,NRF2,Live_cells,0.858543667
1458,NIT,60,R4,2,NRF2,Total_cells,1.011976048
1459,NIT,60,R4,3,NRF2,Apop_cells,0.164316277
1460,NIT,60,R4,3,NRF2,Live_cells,0.836432226
1461,NIT,60,R4,3,NRF2,Total_cells,1.000748503
1462,NIT,60,R4,4,NRF2,Apop_cells,0.186795732
1463,NIT,60,R4,4,NRF2,Live_cells,0.813204268
1464,NIT,60,R4,4,NRF2,Total_cells,1
1465,NIT,60,R4,5,NRF2,Apop_cells,0.204436914
1466,NIT,60,R4,5,NRF2,Live_cells,0.808287637
1467,NIT,60,R4,5,NRF2,Total_cells,1.012724551
1468,NIT,60,R4,6,NRF2,Apop_cells,0.212928683
1469,NIT,60,R4,6,NRF2,Live_cells,0.817011436
1470,NIT,60,R4,6,NRF2,Total_cells,1.02994012
1471,NIT,60,R4,7,NRF2,Apop_cells,0.238096783
1472,NIT,60,R4,7,NRF2,Live_cells,0.815046929
1473,NIT,60,R4,7,NRF2,Total_cells,1.053143713
1474,NIT,60,R4,8,NRF2,Apop_cells,0.262009289
1475,NIT,60,R4,8,NRF2,Live_cells,0.817332028
1476,NIT,60,R4,8,NRF2,Total_cells,1.079341317
1477,NIT,60,R4,9,NRF2,Apop_cells,0.291981371
1478,NIT,60,R4,9,NRF2,Live_cells,0.827779108
1479,NIT,60,R4,9,NRF2,Total_cells,1.119760479
1480,NIT,60,R4,10,NRF2,Apop_cells,0.340444463
1481,NIT,60,R4,10,NRF2,Live_cells,0.794286076
1482,NIT,60,R4,10,NRF2,Total_cells,1.134730539
1483,NIT,60,R4,11,NRF2,Apop_cells,0.365650146
1484,NIT,60,R4,11,NRF2,Live_cells,0.795277998
1485,NIT,60,R4,11,NRF2,Total_cells,1.160928144
1486,NIT,60,R4,12,NRF2,Apop_cells,0.37894319
1487,NIT,60,R4,12,NRF2,Live_cells,0.779739444
1488,NIT,60,R4,12,NRF2,Total_cells,1.158682635
1489,NIT,60,R4,13,NRF2,Apop_cells,0.435258846
1490,NIT,60,R4,13,NRF2,Live_cells,0.749621394
1491,NIT,60,R4,13,NRF2,Total_cells,1.18488024
1492,NIT,60,R4,14,NRF2,Apop_cells,0.443964443
1493,NIT,60,R4,14,NRF2,Live_cells,0.773849929
1494,NIT,60,R4,14,NRF2,Total_cells,1.217814371
1495,NIT,60,R4,15,NRF2,Apop_cells,0.487950314
1496,NIT,60,R4,15,NRF2,Live_cells,0.712648489
1497,NIT,60,R4,15,NRF2,Total_cells,1.200598802
1498,NIT,60,R4,16,NRF2,Apop_cells,0.499126084
1499,NIT,60,R4,16,NRF2,Live_cells,0.756113437
1500,NIT,60,R4,16,NRF2,Total_cells,1.255239521
1501,NIT,60,R4,17,NRF2,Apop_cells,0.520759602
1502,NIT,60,R4,17,NRF2,Live_cells,0.731485907
1503,NIT,60,R4,17,NRF2,Total_cells,1.252245509
1504,NIT,60,R4,18,NRF2,Apop_cells,0.545831412
1505,NIT,60,R4,18,NRF2,Live_cells,0.725126672
1506,NIT,60,R4,18,NRF2,Total_cells,1.270958084
1507,NIT,60,R4,19,NRF2,Apop_cells,0.576807599
1508,NIT,60,R4,19,NRF2,Live_cells,0.694898988
1509,NIT,60,R4,19,NRF2,Total_cells,1.271706587
1510,NIT,60,R4,20,NRF2,Apop_cells,0.576493721
1511,NIT,60,R4,20,NRF2,Live_cells,0.703446399
1512,NIT,60,R4,20,NRF2,Total_cells,1.27994012
1513,NIT,120,R1,0,NRF2,Apop_cells,NA
1514,NIT,120,R1,0,NRF2,Live_cells,NA
1515,NIT,120,R1,0,NRF2,Total_cells,1
1516,NIT,120,R1,1,NRF2,Apop_cells,0.117515621
1517,NIT,120,R1,1,NRF2,Live_cells,0.882484379
1518,NIT,120,R1,1,NRF2,Total_cells,1
1519,NIT,120,R1,2,NRF2,Apop_cells,0.104971897
1520,NIT,120,R1,2,NRF2,Live_cells,0.88053535
1521,NIT,120,R1,2,NRF2,Total_cells,0.985507246
1522,NIT,120,R1,3,NRF2,Apop_cells,0.134397005
1523,NIT,120,R1,3,NRF2,Live_cells,0.849298647
1524,NIT,120,R1,3,NRF2,Total_cells,0.983695652
1525,NIT,120,R1,4,NRF2,Apop_cells,0.127035098
1526,NIT,120,R1,4,NRF2,Live_cells,0.85364123
1527,NIT,120,R1,4,NRF2,Total_cells,0.980676329
1528,NIT,120,R1,5,NRF2,Apop_cells,0.141272682
1529,NIT,120,R1,5,NRF2,Live_cells,0.823703164
1530,NIT,120,R1,5,NRF2,Total_cells,0.964975845
1531,NIT,120,R1,6,NRF2,Apop_cells,0.158286059
1532,NIT,120,R1,6,NRF2,Live_cells,0.793404763
1533,NIT,120,R1,6,NRF2,Total_cells,0.951690821
1534,NIT,120,R1,7,NRF2,Apop_cells,0.187822078
1535,NIT,120,R1,7,NRF2,Live_cells,0.767491932
1536,NIT,120,R1,7,NRF2,Total_cells,0.95531401
1537,NIT,120,R1,8,NRF2,Apop_cells,0.211997207
1538,NIT,120,R1,8,NRF2,Live_cells,0.744524533
1539,NIT,120,R1,8,NRF2,Total_cells,0.956521739
1540,NIT,120,R1,9,NRF2,Apop_cells,0.248902698
1541,NIT,120,R1,9,NRF2,Live_cells,0.707619042
1542,NIT,120,R1,9,NRF2,Total_cells,0.956521739
1543,NIT,120,R1,10,NRF2,Apop_cells,0.275598934
1544,NIT,120,R1,10,NRF2,Live_cells,0.679715075
1545,NIT,120,R1,10,NRF2,Total_cells,0.95531401
1546,NIT,120,R1,11,NRF2,Apop_cells,0.312108114
1547,NIT,120,R1,11,NRF2,Live_cells,0.670379809
1548,NIT,120,R1,11,NRF2,Total_cells,0.982487923
1549,NIT,120,R1,12,NRF2,Apop_cells,0.351800969
1550,NIT,120,R1,12,NRF2,Live_cells,0.610155553
1551,NIT,120,R1,12,NRF2,Total_cells,0.961956522
1552,NIT,120,R1,13,NRF2,Apop_cells,0.377509254
1553,NIT,120,R1,13,NRF2,Live_cells,0.58988205
1554,NIT,120,R1,13,NRF2,Total_cells,0.967391304
1555,NIT,120,R1,14,NRF2,Apop_cells,0.392348766
1556,NIT,120,R1,14,NRF2,Live_cells,0.573230944
1557,NIT,120,R1,14,NRF2,Total_cells,0.96557971
1558,NIT,120,R1,15,NRF2,Apop_cells,0.443955623
1559,NIT,120,R1,15,NRF2,Live_cells,0.533701382
1560,NIT,120,R1,15,NRF2,Total_cells,0.977657005
1561,NIT,120,R1,16,NRF2,Apop_cells,0.469005793
1562,NIT,120,R1,16,NRF2,Live_cells,0.51468986
1563,NIT,120,R1,16,NRF2,Total_cells,0.983695652
1564,NIT,120,R1,17,NRF2,Apop_cells,0.458019315
1565,NIT,120,R1,17,NRF2,Live_cells,0.528091796
1566,NIT,120,R1,17,NRF2,Total_cells,0.986111111
1567,NIT,120,R1,18,NRF2,Apop_cells,0.485946561
1568,NIT,120,R1,18,NRF2,Live_cells,0.491710444
1569,NIT,120,R1,18,NRF2,Total_cells,0.977657005
1570,NIT,120,R1,19,NRF2,Apop_cells,0.501177803
1571,NIT,120,R1,19,NRF2,Live_cells,0.512107221
1572,NIT,120,R1,19,NRF2,Total_cells,1.013285024
1573,NIT,120,R1,20,NRF2,Apop_cells,0.512239973
1574,NIT,120,R1,20,NRF2,Live_cells,0.497421863
1575,NIT,120,R1,20,NRF2,Total_cells,1.009661836
1576,NIT,120,R2,0,NRF2,Apop_cells,NA
1577,NIT,120,R2,0,NRF2,Live_cells,NA
1578,NIT,120,R2,0,NRF2,Total_cells,1
1579,NIT,120,R2,1,NRF2,Apop_cells,0.116127146
1580,NIT,120,R2,1,NRF2,Live_cells,0.883872855
1581,NIT,120,R2,1,NRF2,Total_cells,1
1582,NIT,120,R2,2,NRF2,Apop_cells,0.126047678
1583,NIT,120,R2,2,NRF2,Live_cells,0.868827402
1584,NIT,120,R2,2,NRF2,Total_cells,0.99487508
1585,NIT,120,R2,3,NRF2,Apop_cells,0.124431626
1586,NIT,120,R2,3,NRF2,Live_cells,0.864677919
1587,NIT,120,R2,3,NRF2,Total_cells,0.989109545
1588,NIT,120,R2,4,NRF2,Apop_cells,0.132915179
1589,NIT,120,R2,4,NRF2,Live_cells,0.847866371
1590,NIT,120,R2,4,NRF2,Total_cells,0.98078155
1591,NIT,120,R2,5,NRF2,Apop_cells,0.148017114
1592,NIT,120,R2,5,NRF2,Live_cells,0.845576737
1593,NIT,120,R2,5,NRF2,Total_cells,0.99359385
1594,NIT,120,R2,6,NRF2,Apop_cells,0.17070365
1595,NIT,120,R2,6,NRF2,Live_cells,0.797906216
1596,NIT,120,R2,6,NRF2,Total_cells,0.968609865
1597,NIT,120,R2,7,NRF2,Apop_cells,0.196398269
1598,NIT,120,R2,7,NRF2,Live_cells,0.760680526
1599,NIT,120,R2,7,NRF2,Total_cells,0.957078796
1600,NIT,120,R2,8,NRF2,Apop_cells,0.227658971
1601,NIT,120,R2,8,NRF2,Live_cells,0.74799766
1602,NIT,120,R2,8,NRF2,Total_cells,0.97565663
1603,NIT,120,R2,9,NRF2,Apop_cells,0.254805067
1604,NIT,120,R2,9,NRF2,Live_cells,0.714445413
1605,NIT,120,R2,9,NRF2,Total_cells,0.96925048
1606,NIT,120,R2,10,NRF2,Apop_cells,0.298200814
1607,NIT,120,R2,10,NRF2,Live_cells,0.664643516
1608,NIT,120,R2,10,NRF2,Total_cells,0.962844331
1609,NIT,120,R2,11,NRF2,Apop_cells,0.310624493
1610,NIT,120,R2,11,NRF2,Live_cells,0.641969998
1611,NIT,120,R2,11,NRF2,Total_cells,0.952594491
1612,NIT,120,R2,12,NRF2,Apop_cells,0.368613376
1613,NIT,120,R2,12,NRF2,Live_cells,0.58846542
1614,NIT,120,R2,12,NRF2,Total_cells,0.957078796
1615,NIT,120,R2,13,NRF2,Apop_cells,0.394910811
1616,NIT,120,R2,13,NRF2,Live_cells,0.583948894
1617,NIT,120,R2,13,NRF2,Total_cells,0.978859705
1618,NIT,120,R2,14,NRF2,Apop_cells,0.424287657
1619,NIT,120,R2,14,NRF2,Live_cells,0.557134508
1620,NIT,120,R2,14,NRF2,Total_cells,0.981422165
1621,NIT,120,R2,15,NRF2,Apop_cells,0.439667547
1622,NIT,120,R2,15,NRF2,Live_cells,0.543676463
1623,NIT,120,R2,15,NRF2,Total_cells,0.98334401
1624,NIT,120,R2,16,NRF2,Apop_cells,0.462055852
1625,NIT,120,R2,16,NRF2,Live_cells,0.544990913
1626,NIT,120,R2,16,NRF2,Total_cells,1.007046765
1627,NIT,120,R2,17,NRF2,Apop_cells,0.505463561
1628,NIT,120,R2,17,NRF2,Live_cells,0.523364114
1629,NIT,120,R2,17,NRF2,Total_cells,1.028827675
1630,NIT,120,R2,18,NRF2,Apop_cells,0.503423565
1631,NIT,120,R2,18,NRF2,Live_cells,0.495295205
1632,NIT,120,R2,18,NRF2,Total_cells,0.99871877
1633,NIT,120,R2,19,NRF2,Apop_cells,0.524965859
1634,NIT,120,R2,19,NRF2,Live_cells,0.475674756
1635,NIT,120,R2,19,NRF2,Total_cells,1.000640615
1636,NIT,120,R2,20,NRF2,Apop_cells,0.537568681
1637,NIT,120,R2,20,NRF2,Live_cells,0.487415304
1638,NIT,120,R2,20,NRF2,Total_cells,1.024983985
1639,NIT,120,R3,0,NRF2,Apop_cells,NA
1640,NIT,120,R3,0,NRF2,Live_cells,NA
1641,NIT,120,R3,0,NRF2,Total_cells,1
1642,NIT,120,R3,1,NRF2,Apop_cells,0.133297919
1643,NIT,120,R3,1,NRF2,Live_cells,0.866702081
1644,NIT,120,R3,1,NRF2,Total_cells,1
1645,NIT,120,R3,2,NRF2,Apop_cells,0.12981398
1646,NIT,120,R3,2,NRF2,Live_cells,0.883139388
1647,NIT,120,R3,2,NRF2,Total_cells,1.012953368
1648,NIT,120,R3,3,NRF2,Apop_cells,0.136352711
1649,NIT,120,R3,3,NRF2,Live_cells,0.886963351
1650,NIT,120,R3,3,NRF2,Total_cells,1.023316062
1651,NIT,120,R3,4,NRF2,Apop_cells,0.142376052
1652,NIT,120,R3,4,NRF2,Live_cells,0.875758663
1653,NIT,120,R3,4,NRF2,Total_cells,1.018134715
1654,NIT,120,R3,5,NRF2,Apop_cells,0.164149504
1655,NIT,120,R3,5,NRF2,Live_cells,0.845565522
1656,NIT,120,R3,5,NRF2,Total_cells,1.009715026
1657,NIT,120,R3,6,NRF2,Apop_cells,0.182071821
1658,NIT,120,R3,6,NRF2,Live_cells,0.837358231
1659,NIT,120,R3,6,NRF2,Total_cells,1.019430052
1660,NIT,120,R3,7,NRF2,Apop_cells,0.221198694
1661,NIT,120,R3,7,NRF2,Live_cells,0.774267627
1662,NIT,120,R3,7,NRF2,Total_cells,0.995466321
1663,NIT,120,R3,8,NRF2,Apop_cells,0.23420281
1664,NIT,120,R3,8,NRF2,Live_cells,0.781341232
1665,NIT,120,R3,8,NRF2,Total_cells,1.015544041
1666,NIT,120,R3,9,NRF2,Apop_cells,0.277101113
1667,NIT,120,R3,9,NRF2,Live_cells,0.735204586
1668,NIT,120,R3,9,NRF2,Total_cells,1.012305699
1669,NIT,120,R3,10,NRF2,Apop_cells,0.282776852
1670,NIT,120,R3,10,NRF2,Live_cells,0.715927811
1671,NIT,120,R3,10,NRF2,Total_cells,0.998704663
1672,NIT,120,R3,11,NRF2,Apop_cells,0.321785327
1673,NIT,120,R3,11,NRF2,Live_cells,0.676919337
1674,NIT,120,R3,11,NRF2,Total_cells,0.998704663
1675,NIT,120,R3,12,NRF2,Apop_cells,0.344743833
1676,NIT,120,R3,12,NRF2,Live_cells,0.652017825
1677,NIT,120,R3,12,NRF2,Total_cells,0.996761658
1678,NIT,120,R3,13,NRF2,Apop_cells,0.403813794
1679,NIT,120,R3,13,NRF2,Live_cells,0.633103304
1680,NIT,120,R3,13,NRF2,Total_cells,1.036917098
1681,NIT,120,R3,14,NRF2,Apop_cells,0.410198086
1682,NIT,120,R3,14,NRF2,Live_cells,0.616356318
1683,NIT,120,R3,14,NRF2,Total_cells,1.026554404
1684,NIT,120,R3,15,NRF2,Apop_cells,0.444729493
1685,NIT,120,R3,15,NRF2,Live_cells,0.579881906
1686,NIT,120,R3,15,NRF2,Total_cells,1.024611399
1687,NIT,120,R3,16,NRF2,Apop_cells,0.466715243
1688,NIT,120,R3,16,NRF2,Live_cells,0.553362477
1689,NIT,120,R3,16,NRF2,Total_cells,1.02007772
1690,NIT,120,R3,17,NRF2,Apop_cells,0.486306171
1691,NIT,120,R3,17,NRF2,Live_cells,0.531180876
1692,NIT,120,R3,17,NRF2,Total_cells,1.017487047
1693,NIT,120,R3,18,NRF2,Apop_cells,0.498307378
1694,NIT,120,R3,18,NRF2,Live_cells,0.53472371
1695,NIT,120,R3,18,NRF2,Total_cells,1.033031088
1696,NIT,120,R3,19,NRF2,Apop_cells,0.523345778
1697,NIT,120,R3,19,NRF2,Live_cells,0.512923652
1698,NIT,120,R3,19,NRF2,Total_cells,1.03626943
1699,NIT,120,R3,20,NRF2,Apop_cells,0.550453016
1700,NIT,120,R3,20,NRF2,Live_cells,0.474158383
1701,NIT,120,R3,20,NRF2,Total_cells,1.024611399
1702,NIT,120,R4,0,NRF2,Apop_cells,NA
1703,NIT,120,R4,0,NRF2,Live_cells,NA
1704,NIT,120,R4,0,NRF2,Total_cells,1
1705,NIT,120,R4,1,NRF2,Apop_cells,0.122735635
1706,NIT,120,R4,1,NRF2,Live_cells,0.877264365
1707,NIT,120,R4,1,NRF2,Total_cells,1
1708,NIT,120,R4,2,NRF2,Apop_cells,0.118971556
1709,NIT,120,R4,2,NRF2,Live_cells,0.887152142
1710,NIT,120,R4,2,NRF2,Total_cells,1.006123699
1711,NIT,120,R4,3,NRF2,Apop_cells,0.124767561
1712,NIT,120,R4,3,NRF2,Live_cells,0.897890125
1713,NIT,120,R4,3,NRF2,Total_cells,1.022657685
1714,NIT,120,R4,4,NRF2,Apop_cells,0.146977372
1715,NIT,120,R4,4,NRF2,Live_cells,0.856696847
1716,NIT,120,R4,4,NRF2,Total_cells,1.003674219
1717,NIT,120,R4,5,NRF2,Apop_cells,0.157525174
1718,NIT,120,R4,5,NRF2,Live_cells,0.82349136
1719,NIT,120,R4,5,NRF2,Total_cells,0.981016534
1720,NIT,120,R4,6,NRF2,Apop_cells,0.184952204
1721,NIT,120,R4,6,NRF2,Live_cells,0.821783865
1722,NIT,120,R4,6,NRF2,Total_cells,1.006736069
1723,NIT,120,R4,7,NRF2,Apop_cells,0.209950128
1724,NIT,120,R4,7,NRF2,Live_cells,0.806583858
1725,NIT,120,R4,7,NRF2,Total_cells,1.016533987
1726,NIT,120,R4,8,NRF2,Apop_cells,0.243983276
1727,NIT,120,R4,8,NRF2,Live_cells,0.759690943
1728,NIT,120,R4,8,NRF2,Total_cells,1.003674219
1729,NIT,120,R4,9,NRF2,Apop_cells,0.271537977
1730,NIT,120,R4,9,NRF2,Live_cells,0.725400173
1731,NIT,120,R4,9,NRF2,Total_cells,0.996938151
1732,NIT,120,R4,10,NRF2,Apop_cells,0.293609889
1733,NIT,120,R4,10,NRF2,Live_cells,0.727823057
1734,NIT,120,R4,10,NRF2,Total_cells,1.021432945
1735,NIT,120,R4,11,NRF2,Apop_cells,0.328250726
1736,NIT,120,R4,11,NRF2,Live_cells,0.676035863
1737,NIT,120,R4,11,NRF2,Total_cells,1.004286589
1738,NIT,120,R4,12,NRF2,Apop_cells,0.375455265
1739,NIT,120,R4,12,NRF2,Live_cells,0.641078722
1740,NIT,120,R4,12,NRF2,Total_cells,1.016533987
1741,NIT,120,R4,13,NRF2,Apop_cells,0.401710944
1742,NIT,120,R4,13,NRF2,Live_cells,0.610536453
1743,NIT,120,R4,13,NRF2,Total_cells,1.012247397
1744,NIT,120,R4,14,NRF2,Apop_cells,0.443384014
1745,NIT,120,R4,14,NRF2,Live_cells,0.586622109
1746,NIT,120,R4,14,NRF2,Total_cells,1.030006124
1747,NIT,120,R4,15,NRF2,Apop_cells,0.464188389
1748,NIT,120,R4,15,NRF2,Live_cells,0.559694036
1749,NIT,120,R4,15,NRF2,Total_cells,1.023882425
1750,NIT,120,R4,16,NRF2,Apop_cells,0.492581737
1751,NIT,120,R4,16,NRF2,Live_cells,0.535587278
1752,NIT,120,R4,16,NRF2,Total_cells,1.028169014
1753,NIT,120,R4,17,NRF2,Apop_cells,0.526070239
1754,NIT,120,R4,17,NRF2,Live_cells,0.518632762
1755,NIT,120,R4,17,NRF2,Total_cells,1.044703001
1756,NIT,120,R4,18,NRF2,Apop_cells,0.52803
1757,NIT,120,R4,18,NRF2,Live_cells,0.500139014
1758,NIT,120,R4,18,NRF2,Total_cells,1.028169014
1759,NIT,120,R4,19,NRF2,Apop_cells,0.541077436
1760,NIT,120,R4,19,NRF2,Live_cells,0.502400825
1761,NIT,120,R4,19,NRF2,Total_cells,1.043478261
1762,NIT,120,R4,20,NRF2,Apop_cells,0.563624616
1763,NIT,120,R4,20,NRF2,Live_cells,0.514146358
1764,NIT,120,R4,20,NRF2,Total_cells,1.077770974
