,treatment,dose_uM,timeID,mean_time,mean_count,sd_count,mean_count_norm,sd_count_norm,mean_PI,sd_PI,mean_AnV,sd_AnV
1,NIT,6,1,0.944117647,927.75,201.861498,1,0,0.015595702,0.011940368,0.02125946,0.04013973
2,NIT,6,2,2.576470588,940.4558824,203.63263,1.014298713,0.026201368,0.010310841,0.00955224,0.020263476,0.039687194
3,NIT,6,3,4.208823529,959.6029412,211.7464099,1.034076601,0.036506693,0.00574588,0.006296071,0.021428692,0.034545196
4,NIT,6,4,5.841176471,981.4558824,212.7887118,1.058395971,0.042947515,0.00352246,0.004284571,0.020478819,0.02946236
5,NIT,6,5,7.473529412,998.7205882,215.6276319,1.077558452,0.054411756,0.002209318,0.002829906,0.021435142,0.030531659
6,NIT,6,6,9.105882353,1029.720588,215.6259806,1.112650887,0.061926547,0.001719464,0.002327275,0.01814454,0.026012494
7,NIT,6,7,10.73823529,1053.691176,225.0967474,1.137467915,0.069814816,0.001268788,0.001764381,0.021472482,0.02964495
8,NIT,6,8,12.37058824,1073.764706,227.4335479,1.159918722,0.078444934,0.001216272,0.00164836,0.024827049,0.029080977
9,NIT,6,9,14.00294118,1089.911765,230.1113193,1.177715945,0.087938561,0.001080783,0.001215192,0.023675392,0.027653824
10,NIT,6,10,15.71176471,1106.794118,228.8952426,1.197812548,0.097053469,0.000872376,0.001247264,0.02553484,0.025586667
11,NIT,6,11,17.39090909,1117.166667,224.59918,1.222483247,0.101526821,0.000710588,0.001268486,0.025928425,0.0254545
12,NIT,6,12,19.05882353,1133.617647,222.8201836,1.229408416,0.097333749,0.000861791,0.001502583,0.028885522,0.026859451
13,NIT,6,13,20.69117647,1149.279412,220.7995523,1.248190923,0.109704719,0.000856642,0.001510939,0.028789844,0.027111269
14,NIT,6,14,22.32352941,1162.529412,222.0984269,1.263142423,0.114252856,0.000797729,0.00127461,0.030133234,0.026385249
15,NIT,6,15,23.95588235,1174.191176,223.21365,1.276666263,0.124726092,0.000880873,0.001309398,0.031101783,0.026457922
16,NIT,6,16,25.58823529,1176.308824,226.2328518,1.278870306,0.131188438,0.001028049,0.001578667,0.033030915,0.028715307
17,NIT,6,17,27.22058824,1184.779412,222.6195011,1.28892435,0.12724031,0.000849392,0.001306173,0.034679393,0.02917415
18,NIT,6,18,28.85294118,1189.544118,220.6919685,1.295050587,0.130905823,0.000851263,0.001109156,0.036971773,0.03063939
19,NIT,6,19,30.48529412,1199.955882,219.9841719,1.308142841,0.146774155,0.001092788,0.001925276,0.039778722,0.031636849
20,NIT,6,20,32.11764706,1192.823529,217.1420734,1.300717284,0.144711359,0.001171073,0.001532688,0.038392672,0.028812622
21,NIT,6,21,33.86176471,1202.132353,216.7975703,1.311700724,0.145943489,0.001475543,0.002346555,0.043074921,0.034414817
22,NIT,6,22,35.49411765,1205.838235,218.648352,1.315052969,0.141361387,0.001695698,0.002946243,0.044746167,0.034645984
23,NIT,6,23,37.12647059,1211.632353,220.8060066,1.322237284,0.155510882,0.001591758,0.002740782,0.047646387,0.039507911
24,NIT,6,24,38.75882353,1213.764706,219.3072853,1.324747249,0.155838523,0.001701515,0.003240432,0.049606045,0.039239523
25,NIT,6,25,40.39117647,1212.955882,215.9226281,1.324905541,0.155202751,0.00170128,0.003416245,0.050602861,0.038380824
26,NIT,6,26,42.02352941,1210.838235,216.8151957,1.323497863,0.164372086,0.001784855,0.003242292,0.050690292,0.038038713
27,NIT,6,27,43.65588235,1212.014706,211.0271591,1.326196563,0.166862987,0.002037226,0.003634076,0.05484344,0.039202557
28,NIT,6,28,45.28823529,1214.941176,211.7683399,1.329485495,0.165177303,0.001896229,0.003812889,0.057797216,0.041727204
29,NIT,6,29,46.92058824,1217.911765,214.0829799,1.332941216,0.174740254,0.002568167,0.004857632,0.057226651,0.04187804
30,NIT,6,30,48.06969697,1234.787879,195.1626737,1.338251214,0.172017097,0.002240621,0.005137609,0.061679548,0.04215683
31,NIT,6,31,49.69090909,1228.666667,193.4185741,1.33292636,0.178764677,0.00282863,0.005703456,0.067307422,0.046959724
32,NIT,6,32,50.8,1238.078125,175.0739986,1.325867401,0.178235564,0.00304607,0.006854071,0.065292518,0.046431832
33,NIT,6,33,52.01935484,1238.548387,177.7105491,1.335683336,0.179784701,0.00313945,0.007335259,0.067607025,0.047032016
34,NIT,6,34,53.61612903,1239.403226,178.5190195,1.338022456,0.188438574,0.003063759,0.00730037,0.070726122,0.051369464
35,NIT,6,35,51.936,1254.78,161.7612747,1.324055346,0.19040111,0.000839427,0.00128838,0.060073825,0.041726919
36,NIT,6,36,53.436,1260.34,160.9214819,1.329060096,0.183163748,0.000790058,0.00110777,0.058961491,0.043157236
37,NIT,6,37,54.936,1252.82,172.3826219,1.319831209,0.185070034,0.000892992,0.00127455,0.060288731,0.044329906
38,NIT,6,38,56.436,1240.1,176.1508586,1.307103192,0.194981198,0.001032984,0.001440923,0.061791435,0.045115015
39,NIT,6,39,57.936,1241.72,169.4344195,1.310084542,0.199450372,0.001003335,0.001381912,0.064350875,0.048737032
40,NIT,6,40,59.436,1237.24,180.18845,1.303029157,0.191094341,0.00122163,0.001186729,0.064492847,0.048724636
41,NIT,6,41,60.936,1231.7,179.491121,1.297613259,0.194918606,0.001249357,0.001132175,0.063365643,0.046500472
42,NIT,6,42,62.436,1224.82,189.0938303,1.289071252,0.198794882,0.001188641,0.001276485,0.067358309,0.051701398
43,NIT,30,1,0.944117647,950.4705882,193.7348994,1,0,0.018204127,0.015937352,0.025922489,0.044411071
44,NIT,30,2,2.576470588,969.9705882,195.7562237,1.021039566,0.027339962,0.0136108,0.014033665,0.020801204,0.034918745
45,NIT,30,3,4.208823529,988.2794118,202.8982127,1.039330213,0.03854612,0.007035506,0.009119885,0.023536646,0.035238369
46,NIT,30,4,5.841176471,994.5882353,210.3979084,1.044560419,0.043343952,0.004482859,0.007843225,0.020800326,0.030841328
47,NIT,30,5,7.473529412,1017.367647,214.5166981,1.068567904,0.050349217,0.003578731,0.007642643,0.024190695,0.032817466
48,NIT,30,6,9.105882353,1041.779412,222.3569404,1.093623854,0.058961647,0.003015927,0.00582429,0.025951399,0.03456677
49,NIT,30,7,10.73823529,1053,225.7511703,1.105346853,0.070958857,0.002317697,0.004468106,0.025881568,0.035562621
50,NIT,30,8,12.37058824,1063.897059,229.1519537,1.116508642,0.072974024,0.001414208,0.001991452,0.0247541,0.036398141
51,NIT,30,9,14.00294118,1069.75,224.5078203,1.124551411,0.080111427,0.001206854,0.001764142,0.026172007,0.030943292
52,NIT,30,10,15.71176471,1081.867647,226.8720541,1.137379554,0.078543879,0.001316287,0.002154434,0.027663035,0.033840076
53,NIT,30,11,17.39090909,1085.181818,228.3142304,1.152194173,0.082652947,0.001273886,0.001744037,0.028819038,0.033552616
54,NIT,30,12,19.05882353,1096.794118,222.7222798,1.155096992,0.085269573,0.00118056,0.001386986,0.032225034,0.033878833
55,NIT,30,13,20.69117647,1092.573529,223.4141464,1.150256114,0.083205428,0.001262615,0.001763201,0.034664041,0.034777769
56,NIT,30,14,22.32352941,1102.485294,225.227578,1.161110123,0.087544369,0.001325197,0.001923542,0.038209037,0.037263535
57,NIT,30,15,23.95588235,1105.441176,226.3771245,1.164230871,0.092146613,0.001623872,0.002251382,0.041822256,0.037800101
58,NIT,30,16,25.58823529,1103.823529,220.1379348,1.164236982,0.093240738,0.001679959,0.002292646,0.044630996,0.039647235
59,NIT,30,17,27.22058824,1101.220588,224.8050061,1.160281123,0.095542758,0.001434883,0.001758646,0.04799103,0.039345465
60,NIT,30,18,28.85294118,1102.044118,222.1074804,1.162020654,0.0982246,0.001985722,0.004080803,0.050975845,0.041702787
61,NIT,30,19,30.48529412,1096.617647,223.9936099,1.155804261,0.099427681,0.001733392,0.00252527,0.053419854,0.041193483
62,NIT,30,20,32.11764706,1095.147059,220.1272886,1.154906452,0.096892146,0.002099063,0.003669694,0.058335912,0.044460651
63,NIT,30,21,33.86176471,1088.088235,221.7040913,1.146852619,0.09786744,0.002221687,0.004626493,0.059762156,0.044430025
64,NIT,30,22,35.49411765,1087.308824,219.7353096,1.14663889,0.096765855,0.002721869,0.006287026,0.062679257,0.044934063
65,NIT,30,23,37.12647059,1082.411765,220.7238598,1.141330035,0.101212216,0.003192428,0.006783931,0.063446396,0.046190966
66,NIT,30,24,38.75882353,1074.588235,213.0749431,1.134230984,0.094644611,0.003802952,0.006984806,0.068434913,0.047778239
67,NIT,30,25,40.39117647,1077.25,217.2107708,1.136665062,0.101237705,0.004326092,0.00940004,0.06918561,0.047973538
68,NIT,30,26,42.02352941,1075.529412,211.9671194,1.136177929,0.101131311,0.005026751,0.011829755,0.074264849,0.047421309
69,NIT,30,27,43.65588235,1071.235294,209.7852161,1.132170869,0.10535895,0.005737557,0.012639775,0.07468047,0.049318867
70,NIT,30,28,45.28823529,1067.867647,209.8989406,1.128446598,0.103418963,0.006388057,0.013038595,0.079597444,0.052157967
71,NIT,30,29,46.92058824,1066.220588,211.9807807,1.126368847,0.104406936,0.006952807,0.014090381,0.08262137,0.053210588
72,NIT,30,30,48.06969697,1068.954545,211.2872883,1.123808524,0.104733007,0.007982964,0.015451822,0.084638018,0.04792442
73,NIT,30,31,49.69090909,1062.257576,211.7539891,1.116337337,0.104345426,0.009505757,0.017868487,0.090112412,0.056293385
74,NIT,30,32,50.8,1071.65625,202.8831873,1.116851278,0.108449267,0.011414403,0.022854211,0.092128586,0.05408665
75,NIT,30,33,52.01935484,1062.177419,204.6174295,1.113473445,0.111766015,0.011648575,0.024058883,0.093281757,0.052786154
76,NIT,30,34,53.61612903,1053.33871,203.1015094,1.104161973,0.110244588,0.014432009,0.030659729,0.10047451,0.060111706
77,NIT,30,35,51.936,1079.12,197.4637245,1.121044134,0.116896157,0.002021921,0.001481445,0.089913375,0.057696253
78,NIT,30,36,53.436,1075.88,190.5514082,1.11860826,0.112478124,0.00208786,0.001641835,0.08912856,0.058234263
79,NIT,30,37,54.936,1069.76,197.8779674,1.110862674,0.116372569,0.002699583,0.002031697,0.093756892,0.057591066
80,NIT,30,38,56.436,1064.12,196.2330821,1.105334951,0.116316188,0.003151974,0.002569479,0.095370288,0.059313201
81,NIT,30,39,57.936,1058.66,198.5599574,1.09899243,0.115098493,0.003550273,0.002528623,0.0966122,0.059844366
82,NIT,30,40,59.436,1047.46,193.4455091,1.088125176,0.115194165,0.004299527,0.003039487,0.101671659,0.060603142
83,NIT,30,41,60.936,1037.18,193.3275976,1.076046751,0.111177987,0.004799591,0.003220295,0.105456606,0.061969849
84,NIT,30,42,62.436,1036.2,196.4148989,1.074784785,0.11584768,0.006575634,0.004309318,0.10986666,0.065849765
85,NIT,60,1,0.944117647,923.3970588,169.5047948,1,0,0.019121132,0.018112299,0.02176646,0.028078307
86,NIT,60,2,2.576470588,940.6176471,174.2442147,1.018896561,0.027390824,0.012599574,0.01382342,0.018736815,0.024646969
87,NIT,60,3,4.208823529,945.3088235,180.0788554,1.022771306,0.041543745,0.006522474,0.008525113,0.02174514,0.024788373
88,NIT,60,4,5.841176471,963.3235294,186.5904559,1.041383717,0.038064594,0.00394324,0.004870714,0.019545857,0.026674336
89,NIT,60,5,7.473529412,978.8088235,199.0654687,1.056416684,0.062591912,0.002493254,0.002873789,0.022377151,0.029198561
90,NIT,60,6,9.105882353,988.25,195.6284066,1.067860679,0.050932194,0.001790493,0.002327723,0.024456905,0.031028366
91,NIT,60,7,10.73823529,1006.529412,200.2949318,1.087489397,0.056431262,0.001370251,0.00178985,0.026032273,0.034886846
92,NIT,60,8,12.37058824,1012.970588,201.1454299,1.094854813,0.065089128,0.001175009,0.001350574,0.027036558,0.032334175
93,NIT,60,9,14.00294118,1020,205.6175105,1.101489538,0.067804668,0.000825247,0.001070436,0.030982039,0.038304152
94,NIT,60,10,15.71176471,1034.382353,202.332724,1.118249535,0.067985109,0.000988576,0.001122708,0.030771585,0.035670976
95,NIT,60,11,17.39090909,1028.666667,211.4587603,1.119016652,0.086903123,0.000734164,0.000892009,0.032889666,0.036197028
96,NIT,60,12,19.05882353,1034.397059,214.9666211,1.116610354,0.089082114,0.000817522,0.001067126,0.037397113,0.037650143
97,NIT,60,13,20.69117647,1037.176471,213.7479712,1.119549764,0.083914399,0.001228222,0.001830563,0.038484317,0.035048064
98,NIT,60,14,22.32352941,1041.382353,213.0997795,1.124623291,0.080271989,0.000949547,0.001754059,0.043278519,0.035626711
99,NIT,60,15,23.95588235,1042.235294,213.1075001,1.125179697,0.07890973,0.001129737,0.001982692,0.047398178,0.036713725
100,NIT,60,16,25.58823529,1040.191176,215.9450693,1.122238076,0.080674679,0.001496481,0.001783532,0.051064434,0.037043687
101,NIT,60,17,27.22058824,1041.661765,217.0845988,1.124011483,0.086759532,0.001465722,0.002285459,0.054237994,0.037264027
102,NIT,60,18,28.85294118,1042.455882,208.9999046,1.126366843,0.076606029,0.001841376,0.003119319,0.060403839,0.039240782
103,NIT,60,19,30.48529412,1045,209.199593,1.129673929,0.08225955,0.002245914,0.004155132,0.062920203,0.03981605
104,NIT,60,20,32.11764706,1042.617647,216.2232663,1.126098685,0.09344721,0.002581999,0.004814262,0.067539562,0.040433725
105,NIT,60,21,33.86176471,1031.264706,216.8144101,1.112783139,0.092947983,0.003108521,0.006042676,0.070531464,0.042322643
106,NIT,60,22,35.49411765,1035.367647,214.0004711,1.118400041,0.096732514,0.003292198,0.005613242,0.073462901,0.042104824
107,NIT,60,23,37.12647059,1029.411765,215.5168372,1.11092467,0.092261275,0.003387472,0.006748606,0.07377573,0.044446466
108,NIT,60,24,38.75882353,1026.014706,211.7246813,1.108002007,0.09296411,0.004063872,0.007260893,0.075430377,0.044600692
109,NIT,60,25,40.39117647,1025.985294,212.1363014,1.108070998,0.095230286,0.005015279,0.009933857,0.08057551,0.04240045
110,NIT,60,26,42.02352941,1018.544118,216.9565439,1.098597906,0.102830052,0.005966902,0.011569998,0.083154858,0.043588619
111,NIT,60,27,43.65588235,1012.75,216.2708126,1.091818802,0.099490815,0.006612148,0.013081751,0.088036959,0.04629256
112,NIT,60,28,45.28823529,1011.632353,217.5375032,1.090267045,0.100148232,0.00786258,0.014375434,0.089447267,0.048532359
113,NIT,60,29,46.92058824,1009.058824,213.8116831,1.088620076,0.096942468,0.008810248,0.01623242,0.093084014,0.045244965
114,NIT,60,30,48.06969697,1007.409091,213.288224,1.084858889,0.096838241,0.009518141,0.017566383,0.094709039,0.047564258
115,NIT,60,31,49.69090909,1002.439394,221.9621222,1.077357532,0.110089728,0.011377781,0.021658126,0.097825225,0.050947835
116,NIT,60,32,50.8,1013.46875,210.0522185,1.081974698,0.105607679,0.012611178,0.025489853,0.10158183,0.056019737
117,NIT,60,33,52.01935484,1003.064516,212.6661994,1.077777228,0.110735976,0.013783334,0.028651341,0.10625596,0.063366117
118,NIT,60,34,53.61612903,1003.096774,208.9404389,1.079117281,0.10594283,0.015804125,0.031460928,0.105243018,0.061864957
119,NIT,60,35,51.936,1045.38,190.6202202,1.100244174,0.084557481,0.002550872,0.001858972,0.102290744,0.04593125
120,NIT,60,36,53.436,1040.78,187.5655485,1.095984947,0.084157262,0.002960371,0.002140487,0.09808215,0.047913517
121,NIT,60,37,54.936,1036.8,182.4240139,1.093327596,0.080689657,0.003728276,0.00317123,0.100288569,0.051039503
122,NIT,60,38,56.436,1030.92,187.882481,1.085291228,0.080859714,0.003784177,0.003115789,0.1031289,0.05038246
123,NIT,60,39,57.936,1032.24,189.3743053,1.086683848,0.086069122,0.004336268,0.004000513,0.10388041,0.049224497
124,NIT,60,40,59.436,1027.06,186.7369652,1.081485619,0.084119191,0.005720121,0.005503582,0.106856764,0.053324828
125,NIT,60,41,60.936,1026.36,181.8848376,1.08226319,0.07857674,0.006788912,0.006705767,0.108776426,0.051738085
126,NIT,60,42,62.436,1017.76,178.3925984,1.073426875,0.074551841,0.008964346,0.009120979,0.109132166,0.054016326
127,NIT,120,1,0.944117647,960.6176471,194.9607209,1,0,0.017461419,0.015590649,0.033045824,0.089332429
128,NIT,120,2,2.576470588,965.7794118,194.0214449,1.006039877,0.02342468,0.012837421,0.014651715,0.022021167,0.03552822
129,NIT,120,3,4.208823529,980.6176471,196.1430778,1.021683952,0.029526835,0.0106063,0.019110918,0.021860853,0.033221439
130,NIT,120,4,5.841176471,987.3676471,205.8765189,1.027195403,0.035510653,0.010424531,0.024779577,0.0247157,0.034048982
131,NIT,120,5,7.473529412,997.6176471,210.3668174,1.037111511,0.03975649,0.010311548,0.02975657,0.022144408,0.029921483
132,NIT,120,6,9.105882353,1009.220588,212.1928151,1.049470172,0.044753361,0.011188185,0.035357714,0.026036707,0.034854483
133,NIT,120,7,10.73823529,1017.485294,215.0387381,1.058141169,0.056044504,0.01161423,0.040079397,0.027808864,0.031772194
134,NIT,120,8,12.37058824,1027.485294,214.6293664,1.069014516,0.054545124,0.011805753,0.042347171,0.033616048,0.038023388
135,NIT,120,9,14.00294118,1032.25,214.4932453,1.074099864,0.055859818,0.011577082,0.042169853,0.034842261,0.036723691
136,NIT,120,10,15.71176471,1037.514706,211.1202618,1.080709373,0.058655688,0.011889943,0.045693051,0.035947147,0.037349377
137,NIT,120,11,17.39090909,1026.848485,212.9894541,1.077290474,0.060222884,0.009331538,0.045672425,0.037810991,0.036821231
138,NIT,120,12,19.05882353,1040.735294,209.7921495,1.084278741,0.058526916,0.011837924,0.047278078,0.04112989,0.037729618
139,NIT,120,13,20.69117647,1043.573529,215.5465967,1.08635541,0.063636083,0.011799744,0.048320589,0.044258045,0.040774564
140,NIT,120,14,22.32352941,1045.102941,213.2162716,1.088396595,0.062110694,0.01252072,0.049993542,0.048903034,0.046236318
141,NIT,120,15,23.95588235,1046.676471,214.4547661,1.089906546,0.063503566,0.01221322,0.049383638,0.051665265,0.046756828
142,NIT,120,16,25.58823529,1043.058824,208.1462468,1.087502104,0.066376402,0.012524694,0.050427657,0.053802041,0.050941836
143,NIT,120,17,27.22058824,1051.147059,210.5240406,1.095721645,0.065049048,0.013062083,0.052157295,0.057962942,0.054599924
144,NIT,120,18,28.85294118,1044.397059,211.735247,1.0880852,0.064178135,0.013092504,0.051700404,0.060158519,0.055835789
145,NIT,120,19,30.48529412,1047.838235,211.6146698,1.091943477,0.067533315,0.013221084,0.05216708,0.064220821,0.057848844
146,NIT,120,20,32.11764706,1041.352941,210.5534744,1.085244351,0.065973041,0.013869339,0.053462358,0.06970974,0.057683506
147,NIT,120,21,33.86176471,1036.044118,206.488035,1.080553701,0.070867926,0.013745307,0.05327778,0.075006013,0.059714853
148,NIT,120,22,35.49411765,1034.558824,206.8189724,1.078949766,0.068473184,0.014146265,0.054174168,0.074324452,0.056680242
149,NIT,120,23,37.12647059,1034.088235,205.3100564,1.078387182,0.065837386,0.015068784,0.055166098,0.079767039,0.059105379
150,NIT,120,24,38.75882353,1034.058824,204.2633388,1.078858377,0.072213931,0.014818336,0.054455505,0.082975176,0.061511363
151,NIT,120,25,40.39117647,1027.352941,202.9668778,1.072194531,0.072779565,0.015600081,0.056038543,0.081743745,0.059746427
152,NIT,120,26,42.02352941,1027.897059,207.4020316,1.071633521,0.074800846,0.016731091,0.057240078,0.087283784,0.062910668
153,NIT,120,27,43.65588235,1021.5,205.0290815,1.065308673,0.073635851,0.017813233,0.05832135,0.089003926,0.06242047
154,NIT,120,28,45.28823529,1018.235294,205.8822934,1.061778761,0.077333841,0.018363859,0.056413352,0.094569296,0.061003436
155,NIT,120,29,46.92058824,1015.485294,204.154594,1.059383067,0.07808148,0.019159477,0.058545583,0.097628753,0.063831043
156,NIT,120,30,48.06969697,1021.060606,203.1100286,1.060162537,0.076950667,0.020878301,0.05929233,0.09835329,0.065067377
157,NIT,120,31,49.69090909,1014.727273,201.3893962,1.054144249,0.082328837,0.020749009,0.058859209,0.105777306,0.066833713
158,NIT,120,32,50.8,1020.921875,191.2845419,1.046875329,0.080651886,0.021379611,0.061121884,0.106929273,0.066025526
159,NIT,120,33,52.01935484,1012.16129,188.6973055,1.044740928,0.08521614,0.022383724,0.062651693,0.111013897,0.068930984
160,NIT,120,34,53.61612903,1006.516129,190.5440668,1.038499569,0.088559519,0.02388359,0.062697891,0.116367708,0.07124009
161,NIT,120,35,51.936,1041.78,172.6656258,1.056397433,0.074151211,0.020144874,0.068680972,0.11773646,0.076991191
162,NIT,120,36,53.436,1042.22,176.4273977,1.056600747,0.082893779,0.021552128,0.069748554,0.116485839,0.078626403
163,NIT,120,37,54.936,1037.54,176.6669371,1.051612602,0.076083972,0.02249778,0.073449661,0.112582808,0.077644268
164,NIT,120,38,56.436,1037.06,173.3871102,1.051750345,0.08036391,0.023262483,0.070979492,0.116204869,0.07852316
165,NIT,120,39,57.936,1035.7,172.7543415,1.050679538,0.082371938,0.02374141,0.070260362,0.119720116,0.078907727
166,NIT,120,40,59.436,1032.58,174.583891,1.046879502,0.080720731,0.024782752,0.070826296,0.122054127,0.077153222
167,NIT,120,41,60.936,1027.64,177.333638,1.041321346,0.084389501,0.026129288,0.069228066,0.125676907,0.078238911
168,NIT,120,42,62.436,1025.42,176.7869292,1.039362717,0.08772199,0.028061571,0.069422124,0.124731451,0.077616921
